K_pp,method,method_label,best_conflict_gain_pp,ci_low_pp,ci_high_pp,n_bootstrap,n_cells,n_configs,drop_metric
0.0,GACL,GACL,3.225,0.9362499999999996,24.564062499999988,1000,20,3232,drop_pp_raw_not_clipped
0.25,GACL,GACL,12.9125,3.4737499999999994,31.67625,1000,20,3232,drop_pp_raw_not_clipped
0.5,GACL,GACL,18.825,7.599999999999999,36.9003125,1000,20,3232,drop_pp_raw_not_clipped
0.75,GACL,GACL,23.0625,11.9125,39.8525,1000,20,3232,drop_pp_raw_not_clipped
1.0,GACL,GACL,27.75,14.893125000000001,41.7521875,1000,20,3232,drop_pp_raw_not_clipped
1.25,GACL,GACL,28.55,16.9840625,44.1053125,1000,20,3232,drop_pp_raw_not_clipped
1.5,GACL,GACL,30.2375,18.56875,45.778124999999996,1000,20,3232,drop_pp_raw_not_clipped
1.75,GACL,GACL,32.225,19.9346875,47.42968749999999,1000,20,3232,drop_pp_raw_not_clipped
2.0,GACL,GACL,33.8125,21.0190625,48.9396875,1000,20,3232,drop_pp_raw_not_clipped
2.25,GACL,GACL,34.775,21.9715625,50.18156249999999,1000,20,3232,drop_pp_raw_not_clipped
2.5,GACL,GACL,36.0625,22.834687499999998,51.3275,1000,20,3232,drop_pp_raw_not_clipped
2.75,GACL,GACL,36.425,23.923437500000002,52.3384375,1000,20,3232,drop_pp_raw_not_clipped
3.0,GACL,GACL,38.275,24.873125,53.251875,1000,20,3232,drop_pp_raw_not_clipped
3.25,GACL,GACL,39.2625,25.834999999999997,53.803124999999994,1000,20,3232,drop_pp_raw_not_clipped
3.5,GACL,GACL,39.7625,26.772499999999997,55.075625,1000,20,3232,drop_pp_raw_not_clipped
3.75,GACL,GACL,40.025,27.9971875,55.725,1000,20,3232,drop_pp_raw_not_clipped
4.0,GACL,GACL,41.475,28.8615625,56.1265625,1000,20,3232,drop_pp_raw_not_clipped
4.25,GACL,GACL,42.025,29.2346875,57.06375,1000,20,3232,drop_pp_raw_not_clipped
4.5,GACL,GACL,42.025,30.1090625,57.22281249999999,1000,20,3232,drop_pp_raw_not_clipped
4.75,GACL,GACL,43.3875,30.686562499999994,57.668749999999996,1000,20,3232,drop_pp_raw_not_clipped
5.0,GACL,GACL,43.825,31.4996875,58.4140625,1000,20,3232,drop_pp_raw_not_clipped
5.25,GACL,GACL,44.3,32.1571875,59.025,1000,20,3232,drop_pp_raw_not_clipped
5.5,GACL,GACL,44.6125,32.655625,59.481874999999995,1000,20,3232,drop_pp_raw_not_clipped
5.75,GACL,GACL,45.025,33.0296875,60.3,1000,20,3232,drop_pp_raw_not_clipped
6.0,GACL,GACL,45.3875,33.95625,60.652812499999996,1000,20,3232,drop_pp_raw_not_clipped
6.25,GACL,GACL,45.6625,34.3203125,60.763125,1000,20,3232,drop_pp_raw_not_clipped
6.5,GACL,GACL,46.9125,34.846875000000004,61.06999999999998,1000,20,3232,drop_pp_raw_not_clipped
6.75,GACL,GACL,47.225,35.509687500000005,62.18875,1000,20,3232,drop_pp_raw_not_clipped
7.0,GACL,GACL,47.225,35.949062500000004,62.24687499999999,1000,20,3232,drop_pp_raw_not_clipped
7.25,GACL,GACL,47.275,36.144999999999996,62.8146875,1000,20,3232,drop_pp_raw_not_clipped
7.5,GACL,GACL,48.7,36.920312499999994,63.238749999999996,1000,20,3232,drop_pp_raw_not_clipped
7.75,GACL,GACL,49.05,37.024375,63.2921875,1000,20,3232,drop_pp_raw_not_clipped
8.0,GACL,GACL,49.5,37.64625,63.483437499999994,1000,20,3232,drop_pp_raw_not_clipped
8.25,GACL,GACL,50.25,37.798125,63.48406249999999,1000,20,3232,drop_pp_raw_not_clipped
8.5,GACL,GACL,50.25,38.669062499999995,63.78531249999999,1000,20,3232,drop_pp_raw_not_clipped
8.75,GACL,GACL,50.25,38.72375,64.2521875,1000,20,3232,drop_pp_raw_not_clipped
9.0,GACL,GACL,50.25,38.7859375,64.58875,1000,20,3232,drop_pp_raw_not_clipped
9.25,GACL,GACL,51.675,39.31125,64.93187499999999,1000,20,3232,drop_pp_raw_not_clipped
9.5,GACL,GACL,51.85,39.8371875,65.30156249999999,1000,20,3232,drop_pp_raw_not_clipped
9.75,GACL,GACL,52.55,40.471562500000005,65.45031250000001,1000,20,3232,drop_pp_raw_not_clipped
10.0,GACL,GACL,52.775,40.474375,65.46406250000001,1000,20,3232,drop_pp_raw_not_clipped
10.25,GACL,GACL,52.775,40.7746875,65.67625,1000,20,3232,drop_pp_raw_not_clipped
10.5,GACL,GACL,52.775,41.1315625,65.928125,1000,20,3232,drop_pp_raw_not_clipped
10.75,GACL,GACL,52.8125,41.481562499999995,66.22937499999999,1000,20,3232,drop_pp_raw_not_clipped
11.0,GACL,GACL,52.8125,41.8975,66.400625,1000,20,3232,drop_pp_raw_not_clipped
11.25,GACL,GACL,52.8125,42.4746875,66.5415625,1000,20,3232,drop_pp_raw_not_clipped
11.5,GACL,GACL,53.2125,42.645312499999996,66.7284375,1000,20,3232,drop_pp_raw_not_clipped
11.75,GACL,GACL,54.3,42.8046875,66.93843749999999,1000,20,3232,drop_pp_raw_not_clipped
12.0,GACL,GACL,54.5,43.180625,66.950625,1000,20,3232,drop_pp_raw_not_clipped
12.25,GACL,GACL,54.925,43.339062500000004,67.02625,1000,20,3232,drop_pp_raw_not_clipped
12.5,GACL,GACL,55.6,43.4425,67.35468749999998,1000,20,3232,drop_pp_raw_not_clipped
12.75,GACL,GACL,55.6,43.821562500000006,67.50093749999999,1000,20,3232,drop_pp_raw_not_clipped
13.0,GACL,GACL,55.6,44.3740625,67.5534375,1000,20,3232,drop_pp_raw_not_clipped
13.25,GACL,GACL,55.6,44.5496875,67.700625,1000,20,3232,drop_pp_raw_not_clipped
13.5,GACL,GACL,55.6,44.9278125,67.926875,1000,20,3232,drop_pp_raw_not_clipped
13.75,GACL,GACL,56.175,44.9984375,68.0896875,1000,20,3232,drop_pp_raw_not_clipped
14.0,GACL,GACL,56.425,45.0,68.1771875,1000,20,3232,drop_pp_raw_not_clipped
14.25,GACL,GACL,56.425,45.713437500000005,68.389375,1000,20,3232,drop_pp_raw_not_clipped
14.5,GACL,GACL,57.25,45.8990625,68.6634375,1000,20,3232,drop_pp_raw_not_clipped
14.75,GACL,GACL,57.475,46.0496875,68.73875,1000,20,3232,drop_pp_raw_not_clipped
15.0,GACL,GACL,57.475,46.347187500000004,68.78875,1000,20,3232,drop_pp_raw_not_clipped
15.25,GACL,GACL,57.475,46.386562500000004,68.8625,1000,20,3232,drop_pp_raw_not_clipped
15.5,GACL,GACL,57.475,46.4865625,68.90125,1000,20,3232,drop_pp_raw_not_clipped
15.75,GACL,GACL,57.5,46.947812500000005,69.0384375,1000,20,3232,drop_pp_raw_not_clipped
16.0,GACL,GACL,57.875,47.249375,69.11531249999999,1000,20,3232,drop_pp_raw_not_clipped
16.25,GACL,GACL,58.375,47.38343750000001,69.115625,1000,20,3232,drop_pp_raw_not_clipped
16.5,GACL,GACL,58.725,47.38343750000001,69.2375,1000,20,3232,drop_pp_raw_not_clipped
16.75,GACL,GACL,58.725,47.5540625,69.26375,1000,20,3232,drop_pp_raw_not_clipped
17.0,GACL,GACL,58.95,47.67375,69.28875,1000,20,3232,drop_pp_raw_not_clipped
17.25,GACL,GACL,58.95,48.0184375,69.3384375,1000,20,3232,drop_pp_raw_not_clipped
17.5,GACL,GACL,59.1,48.5184375,69.3765625,1000,20,3232,drop_pp_raw_not_clipped
17.75,GACL,GACL,59.1,48.524375,69.3771875,1000,20,3232,drop_pp_raw_not_clipped
18.0,GACL,GACL,59.675,48.54875,69.3803125,1000,20,3232,drop_pp_raw_not_clipped
18.25,GACL,GACL,59.975,48.5621875,69.6128125,1000,20,3232,drop_pp_raw_not_clipped
18.5,GACL,GACL,59.975,48.9246875,69.6128125,1000,20,3232,drop_pp_raw_not_clipped
18.75,GACL,GACL,60.175,49.0615625,69.6128125,1000,20,3232,drop_pp_raw_not_clipped
19.0,GACL,GACL,60.175,49.2359375,69.6128125,1000,20,3232,drop_pp_raw_not_clipped
19.25,GACL,GACL,60.175,49.4371875,69.6128125,1000,20,3232,drop_pp_raw_not_clipped
19.5,GACL,GACL,60.625,49.72,69.6128125,1000,20,3232,drop_pp_raw_not_clipped
19.75,GACL,GACL,60.775,49.936875,69.6128125,1000,20,3232,drop_pp_raw_not_clipped
20.0,GACL,GACL,60.775,50.1103125,69.6128125,1000,20,3232,drop_pp_raw_not_clipped
20.25,GACL,GACL,61.025,50.4440625,69.625,1000,20,3232,drop_pp_raw_not_clipped
20.5,GACL,GACL,61.1,50.4996875,69.625,1000,20,3232,drop_pp_raw_not_clipped
20.75,GACL,GACL,61.3,50.6221875,69.625625,1000,20,3232,drop_pp_raw_not_clipped
21.0,GACL,GACL,61.3,50.7115625,69.625625,1000,20,3232,drop_pp_raw_not_clipped
21.25,GACL,GACL,61.5125,50.822187500000005,69.625625,1000,20,3232,drop_pp_raw_not_clipped
21.5,GACL,GACL,61.5125,51.0596875,69.625625,1000,20,3232,drop_pp_raw_not_clipped
21.75,GACL,GACL,61.6125,51.136250000000004,69.625625,1000,20,3232,drop_pp_raw_not_clipped
22.0,GACL,GACL,61.6125,51.324062500000004,69.625625,1000,20,3232,drop_pp_raw_not_clipped
22.25,GACL,GACL,61.6125,51.5240625,69.625625,1000,20,3232,drop_pp_raw_not_clipped
22.5,GACL,GACL,61.6625,51.7853125,69.625625,1000,20,3232,drop_pp_raw_not_clipped
22.75,GACL,GACL,61.6625,52.0215625,69.625625,1000,20,3232,drop_pp_raw_not_clipped
23.0,GACL,GACL,61.8875,52.17125,69.625625,1000,20,3232,drop_pp_raw_not_clipped
23.25,GACL,GACL,61.9375,52.3115625,69.625625,1000,20,3232,drop_pp_raw_not_clipped
23.5,GACL,GACL,61.9375,52.3115625,69.625625,1000,20,3232,drop_pp_raw_not_clipped
23.75,GACL,GACL,62.0375,52.5696875,69.625625,1000,20,3232,drop_pp_raw_not_clipped
24.0,GACL,GACL,62.1625,52.685,69.625625,1000,20,3232,drop_pp_raw_not_clipped
24.25,GACL,GACL,62.1625,52.823750000000004,69.625625,1000,20,3232,drop_pp_raw_not_clipped
24.5,GACL,GACL,62.1625,52.8371875,69.625625,1000,20,3232,drop_pp_raw_not_clipped
24.75,GACL,GACL,62.1625,53.106249999999996,69.625625,1000,20,3232,drop_pp_raw_not_clipped
25.0,GACL,GACL,62.1625,53.109375,69.625625,1000,20,3232,drop_pp_raw_not_clipped
25.25,GACL,GACL,62.1625,53.260937500000004,69.625625,1000,20,3232,drop_pp_raw_not_clipped
25.5,GACL,GACL,62.1625,53.47,69.625625,1000,20,3232,drop_pp_raw_not_clipped
25.75,GACL,GACL,62.1625,53.47,69.625625,1000,20,3232,drop_pp_raw_not_clipped
26.0,GACL,GACL,62.1625,53.724375,69.625625,1000,20,3232,drop_pp_raw_not_clipped
26.25,GACL,GACL,62.1625,53.724375,69.625625,1000,20,3232,drop_pp_raw_not_clipped
26.5,GACL,GACL,62.1625,53.724375,69.625625,1000,20,3232,drop_pp_raw_not_clipped
26.75,GACL,GACL,62.1625,54.023125,69.625625,1000,20,3232,drop_pp_raw_not_clipped
27.0,GACL,GACL,62.1625,54.0475,69.625625,1000,20,3232,drop_pp_raw_not_clipped
27.25,GACL,GACL,62.1625,54.136250000000004,69.625625,1000,20,3232,drop_pp_raw_not_clipped
27.5,GACL,GACL,62.1625,54.1871875,69.625625,1000,20,3232,drop_pp_raw_not_clipped
27.75,GACL,GACL,62.1625,54.2240625,69.625625,1000,20,3232,drop_pp_raw_not_clipped
28.0,GACL,GACL,62.1625,54.2865625,69.625625,1000,20,3232,drop_pp_raw_not_clipped
28.25,GACL,GACL,62.1625,54.4746875,69.625625,1000,20,3232,drop_pp_raw_not_clipped
28.5,GACL,GACL,62.1625,54.5484375,69.625625,1000,20,3232,drop_pp_raw_not_clipped
28.75,GACL,GACL,62.1625,54.6115625,69.625625,1000,20,3232,drop_pp_raw_not_clipped
29.0,GACL,GACL,62.1625,54.6125,69.625625,1000,20,3232,drop_pp_raw_not_clipped
29.25,GACL,GACL,62.1625,54.66125,69.625625,1000,20,3232,drop_pp_raw_not_clipped
29.5,GACL,GACL,62.1625,54.885000000000005,69.625625,1000,20,3232,drop_pp_raw_not_clipped
29.75,GACL,GACL,62.1625,54.885000000000005,69.625625,1000,20,3232,drop_pp_raw_not_clipped
30.0,GACL,GACL,62.1625,54.93625,69.625625,1000,20,3232,drop_pp_raw_not_clipped
30.25,GACL,GACL,62.1625,55.0228125,69.625625,1000,20,3232,drop_pp_raw_not_clipped
30.5,GACL,GACL,62.1625,55.0746875,69.625625,1000,20,3232,drop_pp_raw_not_clipped
30.75,GACL,GACL,62.1625,55.0871875,69.625625,1000,20,3232,drop_pp_raw_not_clipped
31.0,GACL,GACL,62.1625,55.21125,69.625625,1000,20,3232,drop_pp_raw_not_clipped
31.25,GACL,GACL,62.1625,55.2734375,69.625625,1000,20,3232,drop_pp_raw_not_clipped
31.5,GACL,GACL,62.1625,55.31,69.625625,1000,20,3232,drop_pp_raw_not_clipped
31.75,GACL,GACL,62.1625,55.31,69.625625,1000,20,3232,drop_pp_raw_not_clipped
32.0,GACL,GACL,62.1625,55.36125,69.625625,1000,20,3232,drop_pp_raw_not_clipped
32.25,GACL,GACL,62.1625,55.36125,69.625625,1000,20,3232,drop_pp_raw_not_clipped
32.5,GACL,GACL,62.1625,55.36125,69.625625,1000,20,3232,drop_pp_raw_not_clipped
32.75,GACL,GACL,62.1625,55.36125,69.625625,1000,20,3232,drop_pp_raw_not_clipped
33.0,GACL,GACL,62.1625,55.4234375,69.625625,1000,20,3232,drop_pp_raw_not_clipped
33.25,GACL,GACL,62.1625,55.4234375,69.625625,1000,20,3232,drop_pp_raw_not_clipped
33.5,GACL,GACL,62.1625,55.47375,69.625625,1000,20,3232,drop_pp_raw_not_clipped
33.75,GACL,GACL,62.1625,55.474375,69.625625,1000,20,3232,drop_pp_raw_not_clipped
34.0,GACL,GACL,62.1625,55.4865625,69.625625,1000,20,3232,drop_pp_raw_not_clipped
34.25,GACL,GACL,62.1625,55.4865625,69.625625,1000,20,3232,drop_pp_raw_not_clipped
34.5,GACL,GACL,62.1625,55.53625,69.625625,1000,20,3232,drop_pp_raw_not_clipped
34.75,GACL,GACL,62.1625,55.53625,69.625625,1000,20,3232,drop_pp_raw_not_clipped
35.0,GACL,GACL,62.1625,55.53625,69.625625,1000,20,3232,drop_pp_raw_not_clipped
35.25,GACL,GACL,62.1625,55.53625,69.625625,1000,20,3232,drop_pp_raw_not_clipped
35.5,GACL,GACL,62.1625,55.53625,69.625625,1000,20,3232,drop_pp_raw_not_clipped
35.75,GACL,GACL,62.1625,55.53625,69.625625,1000,20,3232,drop_pp_raw_not_clipped
36.0,GACL,GACL,62.1625,55.53625,69.625625,1000,20,3232,drop_pp_raw_not_clipped
36.25,GACL,GACL,62.1625,55.53625,69.625625,1000,20,3232,drop_pp_raw_not_clipped
36.5,GACL,GACL,62.1625,55.53625,69.625625,1000,20,3232,drop_pp_raw_not_clipped
36.75,GACL,GACL,62.1625,55.53625,69.625625,1000,20,3232,drop_pp_raw_not_clipped
37.0,GACL,GACL,62.1625,55.53625,69.625625,1000,20,3232,drop_pp_raw_not_clipped
37.25,GACL,GACL,62.1625,55.53625,69.625625,1000,20,3232,drop_pp_raw_not_clipped
37.5,GACL,GACL,62.1625,55.53625,69.625625,1000,20,3232,drop_pp_raw_not_clipped
37.75,GACL,GACL,62.1625,55.53625,69.625625,1000,20,3232,drop_pp_raw_not_clipped
38.0,GACL,GACL,62.1625,55.53625,69.625625,1000,20,3232,drop_pp_raw_not_clipped
38.25,GACL,GACL,62.1625,55.53625,69.625625,1000,20,3232,drop_pp_raw_not_clipped
38.5,GACL,GACL,62.1625,55.53625,69.625625,1000,20,3232,drop_pp_raw_not_clipped
38.75,GACL,GACL,62.1625,55.53625,69.625625,1000,20,3232,drop_pp_raw_not_clipped
39.0,GACL,GACL,62.1625,55.53625,69.625625,1000,20,3232,drop_pp_raw_not_clipped
39.25,GACL,GACL,62.1625,55.58625,69.625625,1000,20,3232,drop_pp_raw_not_clipped
39.5,GACL,GACL,62.1625,55.58625,69.625625,1000,20,3232,drop_pp_raw_not_clipped
39.75,GACL,GACL,62.1625,55.58625,69.625625,1000,20,3232,drop_pp_raw_not_clipped
40.0,GACL,GACL,62.1625,55.58625,69.625625,1000,20,3232,drop_pp_raw_not_clipped
40.25,GACL,GACL,62.1625,55.58625,69.625625,1000,20,3232,drop_pp_raw_not_clipped
40.5,GACL,GACL,62.1625,55.58625,69.625625,1000,20,3232,drop_pp_raw_not_clipped
40.75,GACL,GACL,62.1625,55.58625,69.625625,1000,20,3232,drop_pp_raw_not_clipped
41.0,GACL,GACL,62.1625,55.58625,69.625625,1000,20,3232,drop_pp_raw_not_clipped
41.25,GACL,GACL,62.1625,55.58625,69.625625,1000,20,3232,drop_pp_raw_not_clipped
41.5,GACL,GACL,62.1625,55.58625,69.625625,1000,20,3232,drop_pp_raw_not_clipped
41.75,GACL,GACL,62.1625,55.58625,69.625625,1000,20,3232,drop_pp_raw_not_clipped
42.0,GACL,GACL,62.1625,55.58625,69.625625,1000,20,3232,drop_pp_raw_not_clipped
42.25,GACL,GACL,62.1625,55.58625,69.625625,1000,20,3232,drop_pp_raw_not_clipped
42.5,GACL,GACL,62.1625,55.58625,69.625625,1000,20,3232,drop_pp_raw_not_clipped
42.75,GACL,GACL,62.1625,55.58625,69.625625,1000,20,3232,drop_pp_raw_not_clipped
43.0,GACL,GACL,62.1625,55.58625,69.625625,1000,20,3232,drop_pp_raw_not_clipped
43.25,GACL,GACL,62.1625,55.58625,69.625625,1000,20,3232,drop_pp_raw_not_clipped
43.5,GACL,GACL,62.1625,55.58625,69.625625,1000,20,3232,drop_pp_raw_not_clipped
43.75,GACL,GACL,62.1625,55.58625,69.625625,1000,20,3232,drop_pp_raw_not_clipped
44.0,GACL,GACL,62.1625,55.58625,69.625625,1000,20,3232,drop_pp_raw_not_clipped
44.25,GACL,GACL,62.1625,55.58625,69.625625,1000,20,3232,drop_pp_raw_not_clipped
44.5,GACL,GACL,62.1625,55.58625,69.625625,1000,20,3232,drop_pp_raw_not_clipped
44.75,GACL,GACL,62.1625,55.58625,69.625625,1000,20,3232,drop_pp_raw_not_clipped
45.0,GACL,GACL,62.1625,55.58625,69.625625,1000,20,3232,drop_pp_raw_not_clipped
45.25,GACL,GACL,62.1625,55.58625,69.625625,1000,20,3232,drop_pp_raw_not_clipped
45.5,GACL,GACL,62.1625,55.58625,69.625625,1000,20,3232,drop_pp_raw_not_clipped
45.75,GACL,GACL,62.1625,55.58625,69.625625,1000,20,3232,drop_pp_raw_not_clipped
46.0,GACL,GACL,62.1625,55.58625,69.625625,1000,20,3232,drop_pp_raw_not_clipped
46.25,GACL,GACL,62.1625,55.58625,69.625625,1000,20,3232,drop_pp_raw_not_clipped
46.5,GACL,GACL,62.1625,55.58625,69.625625,1000,20,3232,drop_pp_raw_not_clipped
46.75,GACL,GACL,62.1625,55.58625,69.625625,1000,20,3232,drop_pp_raw_not_clipped
47.0,GACL,GACL,62.1625,55.58625,69.625625,1000,20,3232,drop_pp_raw_not_clipped
47.25,GACL,GACL,62.1625,55.58625,69.625625,1000,20,3232,drop_pp_raw_not_clipped
47.5,GACL,GACL,62.1625,55.58625,69.625625,1000,20,3232,drop_pp_raw_not_clipped
47.75,GACL,GACL,62.1625,55.58625,69.625625,1000,20,3232,drop_pp_raw_not_clipped
48.0,GACL,GACL,62.1625,55.58625,69.625625,1000,20,3232,drop_pp_raw_not_clipped
48.25,GACL,GACL,62.1625,55.58625,69.625625,1000,20,3232,drop_pp_raw_not_clipped
48.5,GACL,GACL,62.1625,55.58625,69.625625,1000,20,3232,drop_pp_raw_not_clipped
48.75,GACL,GACL,62.1625,55.58625,69.625625,1000,20,3232,drop_pp_raw_not_clipped
49.0,GACL,GACL,62.1625,55.58625,69.625625,1000,20,3232,drop_pp_raw_not_clipped
49.25,GACL,GACL,62.1625,55.58625,69.625625,1000,20,3232,drop_pp_raw_not_clipped
49.5,GACL,GACL,62.1625,55.58625,69.625625,1000,20,3232,drop_pp_raw_not_clipped
49.75,GACL,GACL,62.1625,55.58625,69.625625,1000,20,3232,drop_pp_raw_not_clipped
50.0,GACL,GACL,62.1625,55.58625,69.625625,1000,20,3232,drop_pp_raw_not_clipped
0.0,AAD,AAD,0.0,-0.28656250000000016,0.37500000000000017,1000,20,21,drop_pp_raw_not_clipped
0.25,AAD,AAD,0.0,-0.31250000000000017,5.701249999999996,1000,20,21,drop_pp_raw_not_clipped
0.5,AAD,AAD,0.0,-0.31250000000000017,9.3628125,1000,20,21,drop_pp_raw_not_clipped
0.75,AAD,AAD,0.0,-0.3125000000000001,12.451249999999998,1000,20,21,drop_pp_raw_not_clipped
1.0,AAD,AAD,6.724999999999999,-0.2750000000000001,13.839062499999999,1000,20,21,drop_pp_raw_not_clipped
1.25,AAD,AAD,6.724999999999999,-0.2500000000000001,15.428437499999998,1000,20,21,drop_pp_raw_not_clipped
1.5,AAD,AAD,6.724999999999999,-0.15000000000000005,17.2625,1000,20,21,drop_pp_raw_not_clipped
1.75,AAD,AAD,6.724999999999999,3.986562499999998,17.825625,1000,20,21,drop_pp_raw_not_clipped
2.0,AAD,AAD,6.724999999999999,4.734687499999998,18.8884375,1000,20,21,drop_pp_raw_not_clipped
2.25,AAD,AAD,12.3375,4.987499999999999,19.2378125,1000,20,21,drop_pp_raw_not_clipped
2.5,AAD,AAD,12.3375,5.399687499999997,19.681874999999994,1000,20,21,drop_pp_raw_not_clipped
2.75,AAD,AAD,12.3375,5.749687499999998,20.665,1000,20,21,drop_pp_raw_not_clipped
3.0,AAD,AAD,12.3375,6.123437499999997,21.250625,1000,20,21,drop_pp_raw_not_clipped
3.25,AAD,AAD,12.3375,6.374374999999998,21.875,1000,20,21,drop_pp_raw_not_clipped
3.5,AAD,AAD,12.3375,6.7615625,22.529374999999995,1000,20,21,drop_pp_raw_not_clipped
3.75,AAD,AAD,12.3375,7.224062499999997,22.828437499999996,1000,20,21,drop_pp_raw_not_clipped
4.0,AAD,AAD,12.3375,7.819999999999996,23.003124999999997,1000,20,21,drop_pp_raw_not_clipped
4.25,AAD,AAD,12.3375,8.295625000000001,23.979062499999998,1000,20,21,drop_pp_raw_not_clipped
4.5,AAD,AAD,12.3375,8.673437499999999,24.550625,1000,20,21,drop_pp_raw_not_clipped
4.75,AAD,AAD,16.95,8.9496875,24.91031249999999,1000,20,21,drop_pp_raw_not_clipped
5.0,AAD,AAD,16.95,9.225,25.4775,1000,20,21,drop_pp_raw_not_clipped
5.25,AAD,AAD,16.95,9.734062499999997,25.764062499999998,1000,20,21,drop_pp_raw_not_clipped
5.5,AAD,AAD,16.95,10.073749999999999,26.6140625,1000,20,21,drop_pp_raw_not_clipped
5.75,AAD,AAD,16.95,10.187187499999999,26.678437499999998,1000,20,21,drop_pp_raw_not_clipped
6.0,AAD,AAD,16.95,10.36,26.944062499999994,1000,20,21,drop_pp_raw_not_clipped
6.25,AAD,AAD,16.95,10.799687500000001,27.7375,1000,20,21,drop_pp_raw_not_clipped
6.5,AAD,AAD,16.95,11.224374999999998,28.293749999999996,1000,20,21,drop_pp_raw_not_clipped
6.75,AAD,AAD,16.95,11.275,28.7903125,1000,20,21,drop_pp_raw_not_clipped
7.0,AAD,AAD,19.475,11.5228125,29.225625,1000,20,21,drop_pp_raw_not_clipped
7.25,AAD,AAD,19.475,11.898437499999998,29.370937499999993,1000,20,21,drop_pp_raw_not_clipped
7.5,AAD,AAD,19.475,11.9865625,29.796249999999993,1000,20,21,drop_pp_raw_not_clipped
7.75,AAD,AAD,19.475,12.1996875,30.47625,1000,20,21,drop_pp_raw_not_clipped
8.0,AAD,AAD,19.475,12.886875,30.63406249999999,1000,20,21,drop_pp_raw_not_clipped
8.25,AAD,AAD,19.475,13.1865625,31.314687499999998,1000,20,21,drop_pp_raw_not_clipped
8.5,AAD,AAD,19.475,13.348437499999998,31.433124999999993,1000,20,21,drop_pp_raw_not_clipped
8.75,AAD,AAD,19.475,13.6,31.87625,1000,20,21,drop_pp_raw_not_clipped
9.0,AAD,AAD,19.475,13.6365625,32.15718749999999,1000,20,21,drop_pp_raw_not_clipped
9.25,AAD,AAD,19.475,13.96125,32.61812499999999,1000,20,21,drop_pp_raw_not_clipped
9.5,AAD,AAD,19.475,14.16,33.0253125,1000,20,21,drop_pp_raw_not_clipped
9.75,AAD,AAD,19.475,14.4728125,33.6409375,1000,20,21,drop_pp_raw_not_clipped
10.0,AAD,AAD,21.8375,14.674687499999997,33.755312499999995,1000,20,21,drop_pp_raw_not_clipped
10.25,AAD,AAD,21.8375,15.019375,34.00375,1000,20,21,drop_pp_raw_not_clipped
10.5,AAD,AAD,21.8375,15.149375000000001,34.2021875,1000,20,21,drop_pp_raw_not_clipped
10.75,AAD,AAD,21.8375,15.348125,34.739062499999996,1000,20,21,drop_pp_raw_not_clipped
11.0,AAD,AAD,21.8375,15.5621875,35.175,1000,20,21,drop_pp_raw_not_clipped
11.25,AAD,AAD,21.8375,15.92375,35.300625,1000,20,21,drop_pp_raw_not_clipped
11.5,AAD,AAD,21.8375,15.92375,35.62062499999999,1000,20,21,drop_pp_raw_not_clipped
11.75,AAD,AAD,21.8375,15.9996875,35.944062499999994,1000,20,21,drop_pp_raw_not_clipped
12.0,AAD,AAD,24.25,16.1621875,36.255624999999995,1000,20,21,drop_pp_raw_not_clipped
12.25,AAD,AAD,24.25,16.49875,36.4753125,1000,20,21,drop_pp_raw_not_clipped
12.5,AAD,AAD,24.25,16.77375,36.641875,1000,20,21,drop_pp_raw_not_clipped
12.75,AAD,AAD,24.25,16.9996875,36.864687499999995,1000,20,21,drop_pp_raw_not_clipped
13.0,AAD,AAD,24.25,17.049375,37.107499999999995,1000,20,21,drop_pp_raw_not_clipped
13.25,AAD,AAD,26.0875,17.05,37.5134375,1000,20,21,drop_pp_raw_not_clipped
13.5,AAD,AAD,26.0875,17.39875,37.82875,1000,20,21,drop_pp_raw_not_clipped
13.75,AAD,AAD,26.0875,17.548750000000002,38.0625,1000,20,21,drop_pp_raw_not_clipped
14.0,AAD,AAD,26.0875,17.7109375,38.3890625,1000,20,21,drop_pp_raw_not_clipped
14.25,AAD,AAD,26.0875,17.7475,38.5134375,1000,20,21,drop_pp_raw_not_clipped
14.5,AAD,AAD,26.0875,18.205312499999998,38.8765625,1000,20,21,drop_pp_raw_not_clipped
14.75,AAD,AAD,27.4875,18.209687499999998,38.8765625,1000,20,21,drop_pp_raw_not_clipped
15.0,AAD,AAD,27.4875,18.5609375,39.063125,1000,20,21,drop_pp_raw_not_clipped
15.25,AAD,AAD,27.4875,18.5609375,39.465937499999995,1000,20,21,drop_pp_raw_not_clipped
15.5,AAD,AAD,27.4875,18.5746875,39.6509375,1000,20,21,drop_pp_raw_not_clipped
15.75,AAD,AAD,27.4875,18.774375,39.95625,1000,20,21,drop_pp_raw_not_clipped
16.0,AAD,AAD,27.4875,19.1496875,40.20125,1000,20,21,drop_pp_raw_not_clipped
16.25,AAD,AAD,28.6,19.323125,40.2525,1000,20,21,drop_pp_raw_not_clipped
16.5,AAD,AAD,28.6,19.4996875,40.5253125,1000,20,21,drop_pp_raw_not_clipped
16.75,AAD,AAD,28.6,19.5496875,40.676249999999996,1000,20,21,drop_pp_raw_not_clipped
17.0,AAD,AAD,28.6,19.7246875,41.038125,1000,20,21,drop_pp_raw_not_clipped
17.25,AAD,AAD,28.6,19.8721875,41.06375,1000,20,21,drop_pp_raw_not_clipped
17.5,AAD,AAD,29.75,19.9725,41.176562499999996,1000,20,21,drop_pp_raw_not_clipped
17.75,AAD,AAD,29.75,20.125,41.4534375,1000,20,21,drop_pp_raw_not_clipped
18.0,AAD,AAD,29.75,20.3840625,41.592812499999994,1000,20,21,drop_pp_raw_not_clipped
18.25,AAD,AAD,29.75,21.1603125,41.592812499999994,1000,20,21,drop_pp_raw_not_clipped
18.5,AAD,AAD,29.75,21.160937500000003,41.678124999999994,1000,20,21,drop_pp_raw_not_clipped
18.75,AAD,AAD,29.75,21.3246875,41.832499999999996,1000,20,21,drop_pp_raw_not_clipped
19.0,AAD,AAD,30.9875,21.3246875,41.92999999999999,1000,20,21,drop_pp_raw_not_clipped
19.25,AAD,AAD,30.9875,21.4228125,42.1265625,1000,20,21,drop_pp_raw_not_clipped
19.5,AAD,AAD,30.9875,21.523125,42.1878125,1000,20,21,drop_pp_raw_not_clipped
19.75,AAD,AAD,30.9875,21.908125000000002,42.291875,1000,20,21,drop_pp_raw_not_clipped
20.0,AAD,AAD,31.8875,22.073125,42.467812499999994,1000,20,21,drop_pp_raw_not_clipped
20.25,AAD,AAD,31.8875,22.0871875,42.467812499999994,1000,20,21,drop_pp_raw_not_clipped
20.5,AAD,AAD,31.8875,22.396874999999998,42.46812499999999,1000,20,21,drop_pp_raw_not_clipped
20.75,AAD,AAD,31.8875,22.46125,42.815625,1000,20,21,drop_pp_raw_not_clipped
21.0,AAD,AAD,32.85,22.56,42.815625,1000,20,21,drop_pp_raw_not_clipped
21.25,AAD,AAD,32.85,23.195625,43.0128125,1000,20,21,drop_pp_raw_not_clipped
21.5,AAD,AAD,32.85,23.3234375,43.0128125,1000,20,21,drop_pp_raw_not_clipped
21.75,AAD,AAD,32.85,23.4240625,43.02625,1000,20,21,drop_pp_raw_not_clipped
22.0,AAD,AAD,33.775,23.5109375,43.0759375,1000,20,21,drop_pp_raw_not_clipped
22.25,AAD,AAD,33.775,23.5246875,43.15125,1000,20,21,drop_pp_raw_not_clipped
22.5,AAD,AAD,33.775,23.57375,43.2009375,1000,20,21,drop_pp_raw_not_clipped
22.75,AAD,AAD,33.775,23.848437500000003,43.2009375,1000,20,21,drop_pp_raw_not_clipped
23.0,AAD,AAD,34.575,24.1225,43.2009375,1000,20,21,drop_pp_raw_not_clipped
23.25,AAD,AAD,34.575,24.174375,43.3278125,1000,20,21,drop_pp_raw_not_clipped
23.5,AAD,AAD,34.575,24.6359375,43.43875,1000,20,21,drop_pp_raw_not_clipped
23.75,AAD,AAD,34.575,24.785937500000003,43.488125,1000,20,21,drop_pp_raw_not_clipped
24.0,AAD,AAD,34.575,25.049375,43.490624999999994,1000,20,21,drop_pp_raw_not_clipped
24.25,AAD,AAD,34.9,25.209062499999998,43.7025,1000,20,21,drop_pp_raw_not_clipped
24.5,AAD,AAD,34.9,25.25,43.7025,1000,20,21,drop_pp_raw_not_clipped
24.75,AAD,AAD,35.9,25.286562500000002,43.8140625,1000,20,21,drop_pp_raw_not_clipped
25.0,AAD,AAD,35.9,25.286562500000002,43.817187499999996,1000,20,21,drop_pp_raw_not_clipped
25.25,AAD,AAD,35.9,25.62375,44.1253125,1000,20,21,drop_pp_raw_not_clipped
25.5,AAD,AAD,35.9,25.698125,44.175625,1000,20,21,drop_pp_raw_not_clipped
25.75,AAD,AAD,36.4625,26.029062500000002,44.200625,1000,20,21,drop_pp_raw_not_clipped
26.0,AAD,AAD,36.4625,26.029062500000002,44.200625,1000,20,21,drop_pp_raw_not_clipped
26.25,AAD,AAD,36.4625,26.061875,44.201875,1000,20,21,drop_pp_raw_not_clipped
26.5,AAD,AAD,36.975,26.3728125,44.3,1000,20,21,drop_pp_raw_not_clipped
26.75,AAD,AAD,36.975,26.3728125,44.3503125,1000,20,21,drop_pp_raw_not_clipped
27.0,AAD,AAD,37.375,26.6221875,44.388125,1000,20,21,drop_pp_raw_not_clipped
27.25,AAD,AAD,37.375,26.833125,44.5146875,1000,20,21,drop_pp_raw_not_clipped
27.5,AAD,AAD,37.375,26.8984375,44.5146875,1000,20,21,drop_pp_raw_not_clipped
27.75,AAD,AAD,37.375,26.8984375,44.605,1000,20,21,drop_pp_raw_not_clipped
28.0,AAD,AAD,37.375,27.021874999999998,44.840937499999995,1000,20,21,drop_pp_raw_not_clipped
28.25,AAD,AAD,37.375,27.435,44.9759375,1000,20,21,drop_pp_raw_not_clipped
28.5,AAD,AAD,37.375,27.435,44.9759375,1000,20,21,drop_pp_raw_not_clipped
28.75,AAD,AAD,37.375,27.4621875,44.9759375,1000,20,21,drop_pp_raw_not_clipped
29.0,AAD,AAD,37.375,27.4621875,44.9759375,1000,20,21,drop_pp_raw_not_clipped
29.25,AAD,AAD,37.375,27.6096875,45.01375,1000,20,21,drop_pp_raw_not_clipped
29.5,AAD,AAD,37.375,27.6096875,45.01375,1000,20,21,drop_pp_raw_not_clipped
29.75,AAD,AAD,37.375,27.85,45.01375,1000,20,21,drop_pp_raw_not_clipped
30.0,AAD,AAD,37.375,28.045000000000005,45.063125,1000,20,21,drop_pp_raw_not_clipped
30.25,AAD,AAD,37.375,28.045000000000005,45.063125,1000,20,21,drop_pp_raw_not_clipped
30.5,AAD,AAD,37.375,28.048437500000006,45.063125,1000,20,21,drop_pp_raw_not_clipped
30.75,AAD,AAD,37.375,28.048437500000006,45.063125,1000,20,21,drop_pp_raw_not_clipped
31.0,AAD,AAD,37.375,28.048437500000006,45.063125,1000,20,21,drop_pp_raw_not_clipped
31.25,AAD,AAD,37.375,28.110937500000002,45.063125,1000,20,21,drop_pp_raw_not_clipped
31.5,AAD,AAD,37.375,28.185625,45.090624999999996,1000,20,21,drop_pp_raw_not_clipped
31.75,AAD,AAD,37.375,28.3459375,45.114999999999995,1000,20,21,drop_pp_raw_not_clipped
32.0,AAD,AAD,37.375,28.39875,45.2125,1000,20,21,drop_pp_raw_not_clipped
32.25,AAD,AAD,37.375,28.39875,45.2125,1000,20,21,drop_pp_raw_not_clipped
32.5,AAD,AAD,37.375,28.39875,45.2125,1000,20,21,drop_pp_raw_not_clipped
32.75,AAD,AAD,37.375,28.4121875,45.2125,1000,20,21,drop_pp_raw_not_clipped
33.0,AAD,AAD,37.375,28.4121875,45.2125,1000,20,21,drop_pp_raw_not_clipped
33.25,AAD,AAD,37.375,28.573125,45.2125,1000,20,21,drop_pp_raw_not_clipped
33.5,AAD,AAD,37.375,28.573125,45.21375,1000,20,21,drop_pp_raw_not_clipped
33.75,AAD,AAD,37.375,28.573125,45.21375,1000,20,21,drop_pp_raw_not_clipped
34.0,AAD,AAD,37.375,28.573125,45.21375,1000,20,21,drop_pp_raw_not_clipped
34.25,AAD,AAD,37.375,28.7221875,45.21375,1000,20,21,drop_pp_raw_not_clipped
34.5,AAD,AAD,37.375,28.7221875,45.21375,1000,20,21,drop_pp_raw_not_clipped
34.75,AAD,AAD,37.375,28.7221875,45.21375,1000,20,21,drop_pp_raw_not_clipped
35.0,AAD,AAD,37.375,28.725,45.21375,1000,20,21,drop_pp_raw_not_clipped
35.25,AAD,AAD,37.375,28.725,45.21375,1000,20,21,drop_pp_raw_not_clipped
35.5,AAD,AAD,37.375,28.897812499999997,45.21375,1000,20,21,drop_pp_raw_not_clipped
35.75,AAD,AAD,37.375,28.897812499999997,45.21375,1000,20,21,drop_pp_raw_not_clipped
36.0,AAD,AAD,37.375,29.168125,45.21375,1000,20,21,drop_pp_raw_not_clipped
36.25,AAD,AAD,37.375,29.168125,45.268125,1000,20,21,drop_pp_raw_not_clipped
36.5,AAD,AAD,37.375,29.168125,45.268125,1000,20,21,drop_pp_raw_not_clipped
36.75,AAD,AAD,37.375,29.168125,45.268125,1000,20,21,drop_pp_raw_not_clipped
37.0,AAD,AAD,37.375,29.168125,45.268125,1000,20,21,drop_pp_raw_not_clipped
37.25,AAD,AAD,37.375,29.168125,45.268125,1000,20,21,drop_pp_raw_not_clipped
37.5,AAD,AAD,37.375,29.168125,45.268125,1000,20,21,drop_pp_raw_not_clipped
37.75,AAD,AAD,37.375,29.168125,45.4509375,1000,20,21,drop_pp_raw_not_clipped
38.0,AAD,AAD,37.375,29.173437500000002,45.4509375,1000,20,21,drop_pp_raw_not_clipped
38.25,AAD,AAD,37.375,29.173437500000002,45.4509375,1000,20,21,drop_pp_raw_not_clipped
38.5,AAD,AAD,37.375,29.173437500000002,45.4509375,1000,20,21,drop_pp_raw_not_clipped
38.75,AAD,AAD,37.375,29.173437500000002,45.4509375,1000,20,21,drop_pp_raw_not_clipped
39.0,AAD,AAD,37.375,29.173437500000002,45.4509375,1000,20,21,drop_pp_raw_not_clipped
39.25,AAD,AAD,37.375,29.173437500000002,45.4509375,1000,20,21,drop_pp_raw_not_clipped
39.5,AAD,AAD,37.375,29.1871875,45.4509375,1000,20,21,drop_pp_raw_not_clipped
39.75,AAD,AAD,37.375,29.1871875,45.4509375,1000,20,21,drop_pp_raw_not_clipped
40.0,AAD,AAD,37.375,29.1871875,45.4509375,1000,20,21,drop_pp_raw_not_clipped
40.25,AAD,AAD,37.375,29.1871875,45.4509375,1000,20,21,drop_pp_raw_not_clipped
40.5,AAD,AAD,37.375,29.1871875,45.4509375,1000,20,21,drop_pp_raw_not_clipped
40.75,AAD,AAD,37.375,29.1871875,45.4509375,1000,20,21,drop_pp_raw_not_clipped
41.0,AAD,AAD,37.375,29.211875,45.4509375,1000,20,21,drop_pp_raw_not_clipped
41.25,AAD,AAD,37.375,29.211875,45.4509375,1000,20,21,drop_pp_raw_not_clipped
41.5,AAD,AAD,37.375,29.211875,45.4509375,1000,20,21,drop_pp_raw_not_clipped
41.75,AAD,AAD,37.375,29.211875,45.4509375,1000,20,21,drop_pp_raw_not_clipped
42.0,AAD,AAD,37.375,29.236250000000002,45.4509375,1000,20,21,drop_pp_raw_not_clipped
42.25,AAD,AAD,37.375,29.236250000000002,45.4509375,1000,20,21,drop_pp_raw_not_clipped
42.5,AAD,AAD,37.375,29.236250000000002,45.4509375,1000,20,21,drop_pp_raw_not_clipped
42.75,AAD,AAD,37.375,29.236250000000002,45.4509375,1000,20,21,drop_pp_raw_not_clipped
43.0,AAD,AAD,37.375,29.236250000000002,45.4509375,1000,20,21,drop_pp_raw_not_clipped
43.25,AAD,AAD,37.375,29.236250000000002,45.4509375,1000,20,21,drop_pp_raw_not_clipped
43.5,AAD,AAD,37.375,29.236250000000002,45.4509375,1000,20,21,drop_pp_raw_not_clipped
43.75,AAD,AAD,37.375,29.236250000000002,45.4509375,1000,20,21,drop_pp_raw_not_clipped
44.0,AAD,AAD,37.375,29.236250000000002,45.4509375,1000,20,21,drop_pp_raw_not_clipped
44.25,AAD,AAD,37.375,29.236250000000002,45.4509375,1000,20,21,drop_pp_raw_not_clipped
44.5,AAD,AAD,37.375,29.236250000000002,45.4509375,1000,20,21,drop_pp_raw_not_clipped
44.75,AAD,AAD,37.375,29.236250000000002,45.4509375,1000,20,21,drop_pp_raw_not_clipped
45.0,AAD,AAD,37.375,29.236250000000002,45.4509375,1000,20,21,drop_pp_raw_not_clipped
45.25,AAD,AAD,37.375,29.236250000000002,45.4509375,1000,20,21,drop_pp_raw_not_clipped
45.5,AAD,AAD,37.375,29.236250000000002,45.4509375,1000,20,21,drop_pp_raw_not_clipped
45.75,AAD,AAD,37.375,29.236250000000002,45.4509375,1000,20,21,drop_pp_raw_not_clipped
46.0,AAD,AAD,37.375,29.236250000000002,45.4509375,1000,20,21,drop_pp_raw_not_clipped
46.25,AAD,AAD,37.375,29.236250000000002,45.4509375,1000,20,21,drop_pp_raw_not_clipped
46.5,AAD,AAD,37.375,29.236250000000002,45.4509375,1000,20,21,drop_pp_raw_not_clipped
46.75,AAD,AAD,37.375,29.236250000000002,45.4509375,1000,20,21,drop_pp_raw_not_clipped
47.0,AAD,AAD,37.375,29.236250000000002,45.4509375,1000,20,21,drop_pp_raw_not_clipped
47.25,AAD,AAD,37.375,29.236250000000002,45.4509375,1000,20,21,drop_pp_raw_not_clipped
47.5,AAD,AAD,37.375,29.236250000000002,45.4509375,1000,20,21,drop_pp_raw_not_clipped
47.75,AAD,AAD,37.375,29.236250000000002,45.4509375,1000,20,21,drop_pp_raw_not_clipped
48.0,AAD,AAD,37.375,29.236250000000002,45.4509375,1000,20,21,drop_pp_raw_not_clipped
48.25,AAD,AAD,37.375,29.236250000000002,45.4509375,1000,20,21,drop_pp_raw_not_clipped
48.5,AAD,AAD,37.375,29.236250000000002,45.4509375,1000,20,21,drop_pp_raw_not_clipped
48.75,AAD,AAD,37.375,29.236250000000002,45.4509375,1000,20,21,drop_pp_raw_not_clipped
49.0,AAD,AAD,37.375,29.236250000000002,45.4509375,1000,20,21,drop_pp_raw_not_clipped
49.25,AAD,AAD,37.375,29.236250000000002,45.4509375,1000,20,21,drop_pp_raw_not_clipped
49.5,AAD,AAD,37.375,29.236250000000002,45.4509375,1000,20,21,drop_pp_raw_not_clipped
49.75,AAD,AAD,37.375,29.236250000000002,45.4509375,1000,20,21,drop_pp_raw_not_clipped
50.0,AAD,AAD,37.375,29.236250000000002,45.4509375,1000,20,21,drop_pp_raw_not_clipped
0.0,ACD,ACD,0.8999999999999997,-0.17500000000000013,2.3168749999999987,1000,20,21,drop_pp_raw_not_clipped
0.25,ACD,ACD,2.9499999999999997,0.6499999999999991,4.8,1000,20,21,drop_pp_raw_not_clipped
0.5,ACD,ACD,3.3999999999999995,1.524999999999998,6.5878125,1000,20,21,drop_pp_raw_not_clipped
0.75,ACD,ACD,4.112499999999999,1.8621874999999983,7.9628125,1000,20,21,drop_pp_raw_not_clipped
1.0,ACD,ACD,4.799999999999999,2.2609375,9.2753125,1000,20,21,drop_pp_raw_not_clipped
1.25,ACD,ACD,6.237499999999999,2.6746874999999988,10.1759375,1000,20,21,drop_pp_raw_not_clipped
1.5,ACD,ACD,6.237499999999999,3.0993749999999998,11.226249999999999,1000,20,21,drop_pp_raw_not_clipped
1.75,ACD,ACD,6.75,3.3871875,11.9884375,1000,20,21,drop_pp_raw_not_clipped
2.0,ACD,ACD,7.35,3.5996874999999986,12.4753125,1000,20,21,drop_pp_raw_not_clipped
2.25,ACD,ACD,7.9125,3.823124999999999,13.2753125,1000,20,21,drop_pp_raw_not_clipped
2.5,ACD,ACD,7.9125,3.9996875,13.340312499999998,1000,20,21,drop_pp_raw_not_clipped
2.75,ACD,ACD,8.4125,4.249687499999999,13.879999999999995,1000,20,21,drop_pp_raw_not_clipped
3.0,ACD,ACD,8.95,4.475,14.325312499999999,1000,20,21,drop_pp_raw_not_clipped
3.25,ACD,ACD,8.95,4.699374999999998,14.652499999999998,1000,20,21,drop_pp_raw_not_clipped
3.5,ACD,ACD,8.95,4.9246875,15.089687499999998,1000,20,21,drop_pp_raw_not_clipped
3.75,ACD,ACD,9.475,5.09875,15.205624999999994,1000,20,21,drop_pp_raw_not_clipped
4.0,ACD,ACD,9.9125,5.1987499999999995,15.513124999999999,1000,20,21,drop_pp_raw_not_clipped
4.25,ACD,ACD,9.9125,5.286874999999999,15.61375,1000,20,21,drop_pp_raw_not_clipped
4.5,ACD,ACD,10.275,5.4371875,16.150937499999998,1000,20,21,drop_pp_raw_not_clipped
4.75,ACD,ACD,10.275,5.571874999999998,16.150937499999998,1000,20,21,drop_pp_raw_not_clipped
5.0,ACD,ACD,10.675,5.6484375,16.339999999999996,1000,20,21,drop_pp_raw_not_clipped
5.25,ACD,ACD,10.675,5.7718750000000005,16.45,1000,20,21,drop_pp_raw_not_clipped
5.5,ACD,ACD,10.8625,5.7871875,16.701874999999998,1000,20,21,drop_pp_raw_not_clipped
5.75,ACD,ACD,11.1375,5.837187500000001,16.775,1000,20,21,drop_pp_raw_not_clipped
6.0,ACD,ACD,11.1375,5.9234374999999995,16.9134375,1000,20,21,drop_pp_raw_not_clipped
6.25,ACD,ACD,11.3375,5.9746875,16.9503125,1000,20,21,drop_pp_raw_not_clipped
6.5,ACD,ACD,11.3375,6.0496875,17.11375,1000,20,21,drop_pp_raw_not_clipped
6.75,ACD,ACD,11.3375,6.1740625,17.11375,1000,20,21,drop_pp_raw_not_clipped
7.0,ACD,ACD,11.3375,6.199375,17.16375,1000,20,21,drop_pp_raw_not_clipped
7.25,ACD,ACD,11.3375,6.199375,17.16375,1000,20,21,drop_pp_raw_not_clipped
7.5,ACD,ACD,11.3375,6.199375,17.213749999999997,1000,20,21,drop_pp_raw_not_clipped
7.75,ACD,ACD,11.3375,6.212187500000001,17.213749999999997,1000,20,21,drop_pp_raw_not_clipped
8.0,ACD,ACD,11.3375,6.2368749999999995,17.214062499999997,1000,20,21,drop_pp_raw_not_clipped
8.25,ACD,ACD,11.3375,6.2368749999999995,17.3015625,1000,20,21,drop_pp_raw_not_clipped
8.5,ACD,ACD,11.3375,6.2368749999999995,17.3015625,1000,20,21,drop_pp_raw_not_clipped
8.75,ACD,ACD,11.3375,6.2368749999999995,17.3015625,1000,20,21,drop_pp_raw_not_clipped
9.0,ACD,ACD,11.3375,6.2368749999999995,17.304374999999997,1000,20,21,drop_pp_raw_not_clipped
9.25,ACD,ACD,11.3375,6.2368749999999995,17.304374999999997,1000,20,21,drop_pp_raw_not_clipped
9.5,ACD,ACD,11.3375,6.2368749999999995,17.304374999999997,1000,20,21,drop_pp_raw_not_clipped
9.75,ACD,ACD,11.3375,6.2368749999999995,17.304374999999997,1000,20,21,drop_pp_raw_not_clipped
10.0,ACD,ACD,11.3375,6.2368749999999995,17.304374999999997,1000,20,21,drop_pp_raw_not_clipped
10.25,ACD,ACD,11.3375,6.2368749999999995,17.304374999999997,1000,20,21,drop_pp_raw_not_clipped
10.5,ACD,ACD,11.3375,6.2368749999999995,17.304374999999997,1000,20,21,drop_pp_raw_not_clipped
10.75,ACD,ACD,11.3375,6.2368749999999995,17.304374999999997,1000,20,21,drop_pp_raw_not_clipped
11.0,ACD,ACD,11.3375,6.2368749999999995,17.304374999999997,1000,20,21,drop_pp_raw_not_clipped
11.25,ACD,ACD,11.3375,6.2368749999999995,17.304374999999997,1000,20,21,drop_pp_raw_not_clipped
11.5,ACD,ACD,11.3375,6.2368749999999995,17.304374999999997,1000,20,21,drop_pp_raw_not_clipped
11.75,ACD,ACD,11.3375,6.2368749999999995,17.304374999999997,1000,20,21,drop_pp_raw_not_clipped
12.0,ACD,ACD,11.3375,6.2368749999999995,17.304374999999997,1000,20,21,drop_pp_raw_not_clipped
12.25,ACD,ACD,11.3375,6.2368749999999995,17.304374999999997,1000,20,21,drop_pp_raw_not_clipped
12.5,ACD,ACD,11.3375,6.2368749999999995,17.304374999999997,1000,20,21,drop_pp_raw_not_clipped
12.75,ACD,ACD,11.3375,6.2368749999999995,17.304374999999997,1000,20,21,drop_pp_raw_not_clipped
13.0,ACD,ACD,11.3375,6.2368749999999995,17.304374999999997,1000,20,21,drop_pp_raw_not_clipped
13.25,ACD,ACD,11.3375,6.2368749999999995,17.304374999999997,1000,20,21,drop_pp_raw_not_clipped
13.5,ACD,ACD,11.3375,6.2368749999999995,17.304374999999997,1000,20,21,drop_pp_raw_not_clipped
13.75,ACD,ACD,11.3375,6.2368749999999995,17.304374999999997,1000,20,21,drop_pp_raw_not_clipped
14.0,ACD,ACD,11.3375,6.2368749999999995,17.304374999999997,1000,20,21,drop_pp_raw_not_clipped
14.25,ACD,ACD,11.3375,6.2368749999999995,17.304374999999997,1000,20,21,drop_pp_raw_not_clipped
14.5,ACD,ACD,11.3375,6.2368749999999995,17.304374999999997,1000,20,21,drop_pp_raw_not_clipped
14.75,ACD,ACD,11.3375,6.2368749999999995,17.304374999999997,1000,20,21,drop_pp_raw_not_clipped
15.0,ACD,ACD,11.3375,6.2368749999999995,17.304374999999997,1000,20,21,drop_pp_raw_not_clipped
15.25,ACD,ACD,11.3375,6.2368749999999995,17.304374999999997,1000,20,21,drop_pp_raw_not_clipped
15.5,ACD,ACD,11.3375,6.2368749999999995,17.304374999999997,1000,20,21,drop_pp_raw_not_clipped
15.75,ACD,ACD,11.3375,6.2368749999999995,17.304374999999997,1000,20,21,drop_pp_raw_not_clipped
16.0,ACD,ACD,11.3375,6.2368749999999995,17.304374999999997,1000,20,21,drop_pp_raw_not_clipped
16.25,ACD,ACD,11.3375,6.2368749999999995,17.304374999999997,1000,20,21,drop_pp_raw_not_clipped
16.5,ACD,ACD,11.3375,6.2368749999999995,17.304374999999997,1000,20,21,drop_pp_raw_not_clipped
16.75,ACD,ACD,11.3375,6.2368749999999995,17.304374999999997,1000,20,21,drop_pp_raw_not_clipped
17.0,ACD,ACD,11.3375,6.2368749999999995,17.304374999999997,1000,20,21,drop_pp_raw_not_clipped
17.25,ACD,ACD,11.3375,6.2368749999999995,17.304374999999997,1000,20,21,drop_pp_raw_not_clipped
17.5,ACD,ACD,11.3375,6.2368749999999995,17.304374999999997,1000,20,21,drop_pp_raw_not_clipped
17.75,ACD,ACD,11.3375,6.2368749999999995,17.304374999999997,1000,20,21,drop_pp_raw_not_clipped
18.0,ACD,ACD,11.3375,6.2368749999999995,17.304374999999997,1000,20,21,drop_pp_raw_not_clipped
18.25,ACD,ACD,11.3375,6.2368749999999995,17.304374999999997,1000,20,21,drop_pp_raw_not_clipped
18.5,ACD,ACD,11.3375,6.2368749999999995,17.304374999999997,1000,20,21,drop_pp_raw_not_clipped
18.75,ACD,ACD,11.3375,6.2368749999999995,17.304374999999997,1000,20,21,drop_pp_raw_not_clipped
19.0,ACD,ACD,11.3375,6.2368749999999995,17.304374999999997,1000,20,21,drop_pp_raw_not_clipped
19.25,ACD,ACD,11.3375,6.2368749999999995,17.304374999999997,1000,20,21,drop_pp_raw_not_clipped
19.5,ACD,ACD,11.3375,6.2368749999999995,17.304374999999997,1000,20,21,drop_pp_raw_not_clipped
19.75,ACD,ACD,11.3375,6.2368749999999995,17.304374999999997,1000,20,21,drop_pp_raw_not_clipped
20.0,ACD,ACD,11.3375,6.2368749999999995,17.304374999999997,1000,20,21,drop_pp_raw_not_clipped
20.25,ACD,ACD,11.3375,6.2368749999999995,17.304374999999997,1000,20,21,drop_pp_raw_not_clipped
20.5,ACD,ACD,11.3375,6.2368749999999995,17.304374999999997,1000,20,21,drop_pp_raw_not_clipped
20.75,ACD,ACD,11.3375,6.2368749999999995,17.304374999999997,1000,20,21,drop_pp_raw_not_clipped
21.0,ACD,ACD,11.3375,6.2368749999999995,17.304374999999997,1000,20,21,drop_pp_raw_not_clipped
21.25,ACD,ACD,11.3375,6.2368749999999995,17.304374999999997,1000,20,21,drop_pp_raw_not_clipped
21.5,ACD,ACD,11.3375,6.2368749999999995,17.304374999999997,1000,20,21,drop_pp_raw_not_clipped
21.75,ACD,ACD,11.3375,6.2368749999999995,17.304374999999997,1000,20,21,drop_pp_raw_not_clipped
22.0,ACD,ACD,11.3375,6.2368749999999995,17.304374999999997,1000,20,21,drop_pp_raw_not_clipped
22.25,ACD,ACD,11.3375,6.2368749999999995,17.304374999999997,1000,20,21,drop_pp_raw_not_clipped
22.5,ACD,ACD,11.3375,6.2368749999999995,17.304374999999997,1000,20,21,drop_pp_raw_not_clipped
22.75,ACD,ACD,11.3375,6.2368749999999995,17.304374999999997,1000,20,21,drop_pp_raw_not_clipped
23.0,ACD,ACD,11.3375,6.2368749999999995,17.304374999999997,1000,20,21,drop_pp_raw_not_clipped
23.25,ACD,ACD,11.3375,6.2368749999999995,17.304374999999997,1000,20,21,drop_pp_raw_not_clipped
23.5,ACD,ACD,11.3375,6.2368749999999995,17.304374999999997,1000,20,21,drop_pp_raw_not_clipped
23.75,ACD,ACD,11.3375,6.2368749999999995,17.304374999999997,1000,20,21,drop_pp_raw_not_clipped
24.0,ACD,ACD,11.3375,6.2368749999999995,17.304374999999997,1000,20,21,drop_pp_raw_not_clipped
24.25,ACD,ACD,11.3375,6.2368749999999995,17.304374999999997,1000,20,21,drop_pp_raw_not_clipped
24.5,ACD,ACD,11.3375,6.2368749999999995,17.304374999999997,1000,20,21,drop_pp_raw_not_clipped
24.75,ACD,ACD,11.3375,6.2368749999999995,17.304374999999997,1000,20,21,drop_pp_raw_not_clipped
25.0,ACD,ACD,11.3375,6.2368749999999995,17.304374999999997,1000,20,21,drop_pp_raw_not_clipped
25.25,ACD,ACD,11.3375,6.2368749999999995,17.304374999999997,1000,20,21,drop_pp_raw_not_clipped
25.5,ACD,ACD,11.3375,6.2368749999999995,17.304374999999997,1000,20,21,drop_pp_raw_not_clipped
25.75,ACD,ACD,11.3375,6.2368749999999995,17.304374999999997,1000,20,21,drop_pp_raw_not_clipped
26.0,ACD,ACD,11.3375,6.2368749999999995,17.304374999999997,1000,20,21,drop_pp_raw_not_clipped
26.25,ACD,ACD,11.3375,6.2368749999999995,17.304374999999997,1000,20,21,drop_pp_raw_not_clipped
26.5,ACD,ACD,11.3375,6.2368749999999995,17.304374999999997,1000,20,21,drop_pp_raw_not_clipped
26.75,ACD,ACD,11.3375,6.2368749999999995,17.304374999999997,1000,20,21,drop_pp_raw_not_clipped
27.0,ACD,ACD,11.3375,6.2368749999999995,17.304374999999997,1000,20,21,drop_pp_raw_not_clipped
27.25,ACD,ACD,11.3375,6.2368749999999995,17.304374999999997,1000,20,21,drop_pp_raw_not_clipped
27.5,ACD,ACD,11.3375,6.2368749999999995,17.304374999999997,1000,20,21,drop_pp_raw_not_clipped
27.75,ACD,ACD,11.3375,6.2368749999999995,17.304374999999997,1000,20,21,drop_pp_raw_not_clipped
28.0,ACD,ACD,11.3375,6.2368749999999995,17.304374999999997,1000,20,21,drop_pp_raw_not_clipped
28.25,ACD,ACD,11.3375,6.2368749999999995,17.304374999999997,1000,20,21,drop_pp_raw_not_clipped
28.5,ACD,ACD,11.3375,6.2368749999999995,17.304374999999997,1000,20,21,drop_pp_raw_not_clipped
28.75,ACD,ACD,11.3375,6.2368749999999995,17.304374999999997,1000,20,21,drop_pp_raw_not_clipped
29.0,ACD,ACD,11.3375,6.2368749999999995,17.304374999999997,1000,20,21,drop_pp_raw_not_clipped
29.25,ACD,ACD,11.3375,6.2368749999999995,17.304374999999997,1000,20,21,drop_pp_raw_not_clipped
29.5,ACD,ACD,11.3375,6.2368749999999995,17.304374999999997,1000,20,21,drop_pp_raw_not_clipped
29.75,ACD,ACD,11.3375,6.2368749999999995,17.304374999999997,1000,20,21,drop_pp_raw_not_clipped
30.0,ACD,ACD,11.3375,6.2368749999999995,17.304374999999997,1000,20,21,drop_pp_raw_not_clipped
30.25,ACD,ACD,11.3375,6.2368749999999995,17.304374999999997,1000,20,21,drop_pp_raw_not_clipped
30.5,ACD,ACD,11.3375,6.2368749999999995,17.304374999999997,1000,20,21,drop_pp_raw_not_clipped
30.75,ACD,ACD,11.3375,6.2368749999999995,17.304374999999997,1000,20,21,drop_pp_raw_not_clipped
31.0,ACD,ACD,11.3375,6.2368749999999995,17.304374999999997,1000,20,21,drop_pp_raw_not_clipped
31.25,ACD,ACD,11.3375,6.2368749999999995,17.304374999999997,1000,20,21,drop_pp_raw_not_clipped
31.5,ACD,ACD,11.3375,6.2368749999999995,17.304374999999997,1000,20,21,drop_pp_raw_not_clipped
31.75,ACD,ACD,11.3375,6.2368749999999995,17.304374999999997,1000,20,21,drop_pp_raw_not_clipped
32.0,ACD,ACD,11.3375,6.2368749999999995,17.304374999999997,1000,20,21,drop_pp_raw_not_clipped
32.25,ACD,ACD,11.3375,6.2368749999999995,17.304374999999997,1000,20,21,drop_pp_raw_not_clipped
32.5,ACD,ACD,11.3375,6.2368749999999995,17.304374999999997,1000,20,21,drop_pp_raw_not_clipped
32.75,ACD,ACD,11.3375,6.2368749999999995,17.304374999999997,1000,20,21,drop_pp_raw_not_clipped
33.0,ACD,ACD,11.3375,6.2368749999999995,17.304374999999997,1000,20,21,drop_pp_raw_not_clipped
33.25,ACD,ACD,11.3375,6.2368749999999995,17.304374999999997,1000,20,21,drop_pp_raw_not_clipped
33.5,ACD,ACD,11.3375,6.2368749999999995,17.304374999999997,1000,20,21,drop_pp_raw_not_clipped
33.75,ACD,ACD,11.3375,6.2368749999999995,17.304374999999997,1000,20,21,drop_pp_raw_not_clipped
34.0,ACD,ACD,11.3375,6.2368749999999995,17.304374999999997,1000,20,21,drop_pp_raw_not_clipped
34.25,ACD,ACD,11.3375,6.2368749999999995,17.304374999999997,1000,20,21,drop_pp_raw_not_clipped
34.5,ACD,ACD,11.3375,6.2368749999999995,17.304374999999997,1000,20,21,drop_pp_raw_not_clipped
34.75,ACD,ACD,11.3375,6.2368749999999995,17.304374999999997,1000,20,21,drop_pp_raw_not_clipped
35.0,ACD,ACD,11.3375,6.2368749999999995,17.304374999999997,1000,20,21,drop_pp_raw_not_clipped
35.25,ACD,ACD,11.3375,6.2368749999999995,17.304374999999997,1000,20,21,drop_pp_raw_not_clipped
35.5,ACD,ACD,11.3375,6.2368749999999995,17.304374999999997,1000,20,21,drop_pp_raw_not_clipped
35.75,ACD,ACD,11.3375,6.2368749999999995,17.304374999999997,1000,20,21,drop_pp_raw_not_clipped
36.0,ACD,ACD,11.3375,6.2368749999999995,17.304374999999997,1000,20,21,drop_pp_raw_not_clipped
36.25,ACD,ACD,11.3375,6.2368749999999995,17.304374999999997,1000,20,21,drop_pp_raw_not_clipped
36.5,ACD,ACD,11.3375,6.2368749999999995,17.304374999999997,1000,20,21,drop_pp_raw_not_clipped
36.75,ACD,ACD,11.3375,6.2368749999999995,17.304374999999997,1000,20,21,drop_pp_raw_not_clipped
37.0,ACD,ACD,11.3375,6.2368749999999995,17.304374999999997,1000,20,21,drop_pp_raw_not_clipped
37.25,ACD,ACD,11.3375,6.2368749999999995,17.304374999999997,1000,20,21,drop_pp_raw_not_clipped
37.5,ACD,ACD,11.3375,6.2368749999999995,17.304374999999997,1000,20,21,drop_pp_raw_not_clipped
37.75,ACD,ACD,11.3375,6.2368749999999995,17.304374999999997,1000,20,21,drop_pp_raw_not_clipped
38.0,ACD,ACD,11.3375,6.2368749999999995,17.304374999999997,1000,20,21,drop_pp_raw_not_clipped
38.25,ACD,ACD,11.3375,6.2368749999999995,17.304374999999997,1000,20,21,drop_pp_raw_not_clipped
38.5,ACD,ACD,11.3375,6.2368749999999995,17.304374999999997,1000,20,21,drop_pp_raw_not_clipped
38.75,ACD,ACD,11.3375,6.2368749999999995,17.304374999999997,1000,20,21,drop_pp_raw_not_clipped
39.0,ACD,ACD,11.3375,6.2368749999999995,17.304374999999997,1000,20,21,drop_pp_raw_not_clipped
39.25,ACD,ACD,11.3375,6.2368749999999995,17.304374999999997,1000,20,21,drop_pp_raw_not_clipped
39.5,ACD,ACD,11.3375,6.2368749999999995,17.304374999999997,1000,20,21,drop_pp_raw_not_clipped
39.75,ACD,ACD,11.3375,6.2368749999999995,17.304374999999997,1000,20,21,drop_pp_raw_not_clipped
40.0,ACD,ACD,11.3375,6.2368749999999995,17.304374999999997,1000,20,21,drop_pp_raw_not_clipped
40.25,ACD,ACD,11.3375,6.2368749999999995,17.304374999999997,1000,20,21,drop_pp_raw_not_clipped
40.5,ACD,ACD,11.3375,6.2368749999999995,17.304374999999997,1000,20,21,drop_pp_raw_not_clipped
40.75,ACD,ACD,11.3375,6.2368749999999995,17.304374999999997,1000,20,21,drop_pp_raw_not_clipped
41.0,ACD,ACD,11.3375,6.2368749999999995,17.304374999999997,1000,20,21,drop_pp_raw_not_clipped
41.25,ACD,ACD,11.3375,6.2368749999999995,17.304374999999997,1000,20,21,drop_pp_raw_not_clipped
41.5,ACD,ACD,11.3375,6.2368749999999995,17.304374999999997,1000,20,21,drop_pp_raw_not_clipped
41.75,ACD,ACD,11.3375,6.2368749999999995,17.304374999999997,1000,20,21,drop_pp_raw_not_clipped
42.0,ACD,ACD,11.3375,6.2368749999999995,17.304374999999997,1000,20,21,drop_pp_raw_not_clipped
42.25,ACD,ACD,11.3375,6.2368749999999995,17.304374999999997,1000,20,21,drop_pp_raw_not_clipped
42.5,ACD,ACD,11.3375,6.2368749999999995,17.304374999999997,1000,20,21,drop_pp_raw_not_clipped
42.75,ACD,ACD,11.3375,6.2368749999999995,17.304374999999997,1000,20,21,drop_pp_raw_not_clipped
43.0,ACD,ACD,11.3375,6.2368749999999995,17.304374999999997,1000,20,21,drop_pp_raw_not_clipped
43.25,ACD,ACD,11.3375,6.2368749999999995,17.304374999999997,1000,20,21,drop_pp_raw_not_clipped
43.5,ACD,ACD,11.3375,6.2368749999999995,17.304374999999997,1000,20,21,drop_pp_raw_not_clipped
43.75,ACD,ACD,11.3375,6.2368749999999995,17.304374999999997,1000,20,21,drop_pp_raw_not_clipped
44.0,ACD,ACD,11.3375,6.2368749999999995,17.304374999999997,1000,20,21,drop_pp_raw_not_clipped
44.25,ACD,ACD,11.3375,6.2368749999999995,17.304374999999997,1000,20,21,drop_pp_raw_not_clipped
44.5,ACD,ACD,11.3375,6.2368749999999995,17.304374999999997,1000,20,21,drop_pp_raw_not_clipped
44.75,ACD,ACD,11.3375,6.2368749999999995,17.304374999999997,1000,20,21,drop_pp_raw_not_clipped
45.0,ACD,ACD,11.3375,6.2368749999999995,17.304374999999997,1000,20,21,drop_pp_raw_not_clipped
45.25,ACD,ACD,11.3375,6.2368749999999995,17.304374999999997,1000,20,21,drop_pp_raw_not_clipped
45.5,ACD,ACD,11.3375,6.2368749999999995,17.304374999999997,1000,20,21,drop_pp_raw_not_clipped
45.75,ACD,ACD,11.3375,6.2368749999999995,17.304374999999997,1000,20,21,drop_pp_raw_not_clipped
46.0,ACD,ACD,11.3375,6.2368749999999995,17.304374999999997,1000,20,21,drop_pp_raw_not_clipped
46.25,ACD,ACD,11.3375,6.2368749999999995,17.304374999999997,1000,20,21,drop_pp_raw_not_clipped
46.5,ACD,ACD,11.3375,6.2368749999999995,17.304374999999997,1000,20,21,drop_pp_raw_not_clipped
46.75,ACD,ACD,11.3375,6.2368749999999995,17.304374999999997,1000,20,21,drop_pp_raw_not_clipped
47.0,ACD,ACD,11.3375,6.2368749999999995,17.304374999999997,1000,20,21,drop_pp_raw_not_clipped
47.25,ACD,ACD,11.3375,6.2368749999999995,17.304374999999997,1000,20,21,drop_pp_raw_not_clipped
47.5,ACD,ACD,11.3375,6.2368749999999995,17.304374999999997,1000,20,21,drop_pp_raw_not_clipped
47.75,ACD,ACD,11.3375,6.2368749999999995,17.304374999999997,1000,20,21,drop_pp_raw_not_clipped
48.0,ACD,ACD,11.3375,6.2368749999999995,17.304374999999997,1000,20,21,drop_pp_raw_not_clipped
48.25,ACD,ACD,11.3375,6.2368749999999995,17.304374999999997,1000,20,21,drop_pp_raw_not_clipped
48.5,ACD,ACD,11.3375,6.2368749999999995,17.304374999999997,1000,20,21,drop_pp_raw_not_clipped
48.75,ACD,ACD,11.3375,6.2368749999999995,17.304374999999997,1000,20,21,drop_pp_raw_not_clipped
49.0,ACD,ACD,11.3375,6.2368749999999995,17.304374999999997,1000,20,21,drop_pp_raw_not_clipped
49.25,ACD,ACD,11.3375,6.2368749999999995,17.304374999999997,1000,20,21,drop_pp_raw_not_clipped
49.5,ACD,ACD,11.3375,6.2368749999999995,17.304374999999997,1000,20,21,drop_pp_raw_not_clipped
49.75,ACD,ACD,11.3375,6.2368749999999995,17.304374999999997,1000,20,21,drop_pp_raw_not_clipped
50.0,ACD,ACD,11.3375,6.2368749999999995,17.304374999999997,1000,20,21,drop_pp_raw_not_clipped
