model,method,aqa_0_5,aqa_0_10,vsc_0_5,vsc_0_10,ser_0_5,ser_0_10,alme_0_5,alme_0_10,avg_0_5,avg_0_10
Qwen2-Audio-Inst.,AAD,12.1,18.9,18.4,29.4,2.3,3.3,39.5,43.7,18.0,23.9
Qwen2-Audio-Inst.,ACD,8.1,9.1,5.6,10.4,0.0,0.0,21.5,26.8,8.8,11.6
Qwen2-Audio-Inst.,GACL,51.0,60.7,39.1,51.2,2.9,6.1,60.4,63.4,38.3,45.4
Qwen2.5-Omni,AAD,14.8,28.1,48.4,56.6,3.4,6.8,54.8,56.4,30.4,37.0
Qwen2.5-Omni,ACD,0.5,0.5,29.4,37.0,3.9,5.7,32.8,41.2,16.7,21.1
Qwen2.5-Omni,GACL,31.6,45.7,58.0,71.6,7.6,11.4,66.0,66.0,40.8,48.7
Voxtral-Small-24B,AAD,0.0,2.8,7.1,8.5,2.8,4.4,17.9,29.4,7.0,11.3
Voxtral-Small-24B,ACD,1.7,3.1,0.5,0.5,2.3,2.9,2.1,7.0,1.6,3.4
Voxtral-Small-24B,GACL,8.8,17.4,25.0,28.1,6.7,10.3,72.0,76.0,28.1,33.0
Qwen3-Omni,AAD,11.8,20.1,7.0,14.8,0.0,0.0,44.7,45.0,15.9,20.0
Qwen3-Omni,ACD,8.1,8.2,0.7,0.9,0.8,1.2,5.2,5.2,3.7,3.9
Qwen3-Omni,GACL,30.1,38.6,36.2,42.5,6.6,10.2,64.0,64.0,34.2,38.8
Kimi-Audio-Inst.,AAD,10.5,17.2,12.3,24.8,0.5,0.7,2.0,4.2,6.3,11.8
Kimi-Audio-Inst.,ACD,5.4,8.6,1.7,3.2,0.8,1.1,2.2,4.1,2.5,4.2
Kimi-Audio-Inst.,GACL,39.3,48.7,12.7,19.2,2.0,4.9,47.0,47.0,25.2,30.0
