model,task,method,test_conflict_acc,gain_vs_joint,test_aligned_acc,aligned_drop,selected_config_id,dev_conflict_acc,dev_aligned_drop,valid_n,protocol,selection_split,report_split,status,source_run
Qwen2-Audio-7B-Instruct,AQA,Joint,0.020000,0.000000,1.000000,0.000000,,0.020000,0.000000,200,G2_prefix_trie_E65_dev200_selected_test200,dev200,test200,ok,cached_artifact
Qwen2-Audio-7B-Instruct,AQA,AAD@5pp,0.120000,0.100000,0.985000,0.015000,aad_alpha_2p0,0.165000,0.025000,200,G2_prefix_trie_E65_dev200_selected_test200,dev200,test200,ok,cached_artifact
Qwen2-Audio-7B-Instruct,AQA,ACD@5pp,0.180000,0.160000,0.970000,0.030000,acd_alpha_0p75,0.220000,0.035000,200,G2_prefix_trie_E65_dev200_selected_test200,dev200,test200,ok,cached_artifact
Qwen2-Audio-7B-Instruct,AQA,GACL@5pp,0.715000,0.695000,0.935000,0.065000,signed_gacl_soft_audio_margin_zscore_l1p25_tau0p5,0.755000,0.045000,200,G2_prefix_trie_E65_dev200_selected_test200,dev200,test200,ok,cached_artifact
Qwen2-Audio-7B-Instruct,VSC,Joint,0.110000,0.000000,0.995000,0.000000,,0.135000,0.000000,200,G2_prefix_trie_E65_dev200_selected_test200,dev200,test200,ok,cached_artifact
Qwen2-Audio-7B-Instruct,VSC,AAD@5pp,0.395000,0.285000,0.960000,0.035000,aad_alpha_1p5,0.435000,0.045000,200,G2_prefix_trie_E65_dev200_selected_test200,dev200,test200,ok,cached_artifact
Qwen2-Audio-7B-Instruct,VSC,ACD@5pp,0.325000,0.215000,0.970000,0.025000,acd_alpha_0p5,0.375000,0.025000,200,G2_prefix_trie_E65_dev200_selected_test200,dev200,test200,ok,cached_artifact
Qwen2-Audio-7B-Instruct,VSC,GACL@5pp,0.685000,0.575000,0.930000,0.065000,signed_gacl_soft_audio_margin_zscore_l1p0_tau1p5,0.725000,0.045000,200,G2_prefix_trie_E65_dev200_selected_test200,dev200,test200,ok,cached_artifact
Qwen2-Audio-7B-Instruct,SER,Joint,0.000000,0.000000,1.000000,0.000000,,0.000000,0.000000,200,G2_prefix_trie_E65_dev200_selected_test200,dev200,test200,ok,cached_artifact
Qwen2-Audio-7B-Instruct,SER,AAD@5pp,0.010000,0.010000,0.995000,0.005000,aad_alpha_2p0,0.005000,0.010000,200,G2_prefix_trie_E65_dev200_selected_test200,dev200,test200,ok,cached_artifact
Qwen2-Audio-7B-Instruct,SER,ACD@5pp,0.020000,0.020000,0.990000,0.010000,acd_alpha_0p75,0.010000,0.030000,200,G2_prefix_trie_E65_dev200_selected_test200,dev200,test200,ok,cached_artifact
Qwen2-Audio-7B-Instruct,SER,GACL@5pp,0.045000,0.045000,0.970000,0.030000,signed_gacl_soft_audio_margin_zscore_l2p0_tau1p5,0.045000,0.030000,200,G2_prefix_trie_E65_dev200_selected_test200,dev200,test200,ok,cached_artifact
Qwen2-Audio-7B-Instruct,ALME-English,Joint,0.245000,0.000000,0.935000,0.000000,,0.250000,0.000000,200,G2_prefix_trie_E65_dev200_selected_test200,dev200,test200,ok,cached_artifact
Qwen2-Audio-7B-Instruct,ALME-English,AAD@5pp,0.595000,0.350000,0.935000,0.000000,aad_alpha_2p0,0.595000,0.025000,200,G2_prefix_trie_E65_dev200_selected_test200,dev200,test200,ok,cached_artifact
Qwen2-Audio-7B-Instruct,ALME-English,ACD@5pp,0.655000,0.410000,0.905000,0.030000,acd_alpha_0p75,0.640000,0.035000,200,G2_prefix_trie_E65_dev200_selected_test200,dev200,test200,ok,cached_artifact
Qwen2-Audio-7B-Instruct,ALME-English,GACL@5pp,0.910000,0.665000,0.925000,0.010000,signed_gacl_soft_audio_margin_center_l2p0_tau0p5,0.945000,-0.005000,200,G2_prefix_trie_E65_dev200_selected_test200,dev200,test200,ok,cached_artifact
Qwen2.5-Omni-7B,AQA,Joint,0.245000,0.000000,0.990000,0.000000,,0.255000,0.000000,200,G2_prefix_trie_E65_dev200_selected_test200,dev200,test200,ok,cached_artifact
Qwen2.5-Omni-7B,AQA,AAD@5pp,0.515000,0.270000,0.955000,0.035000,aad_alpha_2p0,0.490000,0.020000,200,G2_prefix_trie_E65_dev200_selected_test200,dev200,test200,ok,cached_artifact
Qwen2.5-Omni-7B,AQA,ACD@5pp,0.625000,0.380000,0.930000,0.060000,acd_alpha_0p75,0.610000,0.030000,200,G2_prefix_trie_E65_dev200_selected_test200,dev200,test200,ok,cached_artifact
Qwen2.5-Omni-7B,AQA,GACL@5pp,0.655000,0.410000,0.950000,0.040000,signed_gacl_soft_audio_margin_center_l1p0_tau0p5,0.670000,0.015000,200,G2_prefix_trie_E65_dev200_selected_test200,dev200,test200,ok,cached_artifact
Qwen2.5-Omni-7B,VSC,Joint,0.025000,0.000000,1.000000,0.000000,,0.025000,0.000000,200,G2_prefix_trie_E65_dev200_selected_test200,dev200,test200,ok,cached_artifact
Qwen2.5-Omni-7B,VSC,AAD@5pp,0.495000,0.470000,0.985000,0.015000,aad_alpha_2p0,0.455000,0.025000,200,G2_prefix_trie_E65_dev200_selected_test200,dev200,test200,ok,cached_artifact
Qwen2.5-Omni-7B,VSC,ACD@5pp,0.585000,0.560000,0.975000,0.025000,acd_alpha_0p75,0.535000,0.030000,200,G2_prefix_trie_E65_dev200_selected_test200,dev200,test200,ok,cached_artifact
Qwen2.5-Omni-7B,VSC,GACL@5pp,0.815000,0.790000,0.955000,0.045000,signed_gacl_soft_audio_margin_center_l1p25_tau1p5,0.850000,0.050000,200,G2_prefix_trie_E65_dev200_selected_test200,dev200,test200,ok,cached_artifact
Qwen2.5-Omni-7B,SER,Joint,0.000000,0.000000,1.000000,0.000000,,0.000000,0.000000,200,G2_prefix_trie_E65_dev200_selected_test200,dev200,test200,ok,cached_artifact
Qwen2.5-Omni-7B,SER,AAD@5pp,0.110000,0.110000,0.920000,0.080000,aad_alpha_1p5,0.095000,0.050000,200,G2_prefix_trie_E65_dev200_selected_test200,dev200,test200,ok,cached_artifact
Qwen2.5-Omni-7B,SER,ACD@5pp,0.065000,0.065000,0.955000,0.045000,acd_alpha_0p5,0.045000,0.030000,200,G2_prefix_trie_E65_dev200_selected_test200,dev200,test200,ok,cached_artifact
Qwen2.5-Omni-7B,SER,GACL@5pp,0.100000,0.100000,0.930000,0.070000,signed_gacl_soft_audio_margin_center_l0p5_tau0p5,0.105000,0.040000,200,G2_prefix_trie_E65_dev200_selected_test200,dev200,test200,ok,cached_artifact
Qwen2.5-Omni-7B,ALME-English,Joint,0.305000,0.000000,0.965000,0.000000,,0.220000,0.000000,200,G2_prefix_trie_E65_dev200_selected_test200,dev200,test200,ok,cached_artifact
Qwen2.5-Omni-7B,ALME-English,AAD@5pp,0.825000,0.520000,0.965000,0.000000,aad_alpha_2p0,0.780000,0.000000,200,G2_prefix_trie_E65_dev200_selected_test200,dev200,test200,ok,cached_artifact
Qwen2.5-Omni-7B,ALME-English,ACD@5pp,0.845000,0.540000,0.945000,0.020000,acd_alpha_0p75,0.810000,0.015000,200,G2_prefix_trie_E65_dev200_selected_test200,dev200,test200,ok,cached_artifact
Qwen2.5-Omni-7B,ALME-English,GACL@5pp,0.965000,0.660000,0.965000,0.000000,signed_gacl_soft_audio_margin_center_l2p0_tau0p5,0.935000,0.020000,200,G2_prefix_trie_E65_dev200_selected_test200,dev200,test200,ok,cached_artifact
Voxtral-Small-24B-2507,AQA,Joint,0.030000,0.000000,0.995000,0.000000,,0.045000,0.000000,200,G2_prefix_trie_E65_dev200_selected_test200,dev200,test200,ok,cached_artifact
Voxtral-Small-24B-2507,AQA,AAD@5pp,0.095000,0.065000,0.940000,0.055000,aad_alpha_0p25,0.120000,0.045000,200,G2_prefix_trie_E65_dev200_selected_test200,dev200,test200,ok,cached_artifact
Voxtral-Small-24B-2507,AQA,ACD@5pp,,,,,,,,,G2_prefix_trie_E65_dev200_selected_test200,dev200,test200,no_config_within_5pp,cached_artifact
Voxtral-Small-24B-2507,AQA,GACL@5pp,0.255000,0.225000,0.930000,0.065000,signed_gacl_soft_audio_margin_zscore_l1p25_tau0p5,0.265000,0.040000,200,G2_prefix_trie_E65_dev200_selected_test200,dev200,test200,ok,cached_artifact
Voxtral-Small-24B-2507,VSC,Joint,0.015000,0.000000,1.000000,0.000000,,0.000000,0.000000,200,G2_prefix_trie_E65_dev200_selected_test200,dev200,test200,ok,cached_artifact
Voxtral-Small-24B-2507,VSC,AAD@5pp,0.055000,0.040000,1.000000,0.000000,aad_alpha_2p0,0.045000,0.015000,200,G2_prefix_trie_E65_dev200_selected_test200,dev200,test200,ok,cached_artifact
Voxtral-Small-24B-2507,VSC,ACD@5pp,0.025000,0.010000,1.000000,0.000000,acd_alpha_0p5,0.015000,0.005000,200,G2_prefix_trie_E65_dev200_selected_test200,dev200,test200,ok,cached_artifact
Voxtral-Small-24B-2507,VSC,GACL@5pp,0.240000,0.225000,0.995000,0.005000,signed_gacl_soft_audio_margin_center_l0p5_tau1p0,0.215000,0.010000,200,G2_prefix_trie_E65_dev200_selected_test200,dev200,test200,ok,cached_artifact
Voxtral-Small-24B-2507,SER,Joint,0.010000,0.000000,0.995000,0.000000,,0.000000,0.000000,200,G2_prefix_trie_E65_dev200_selected_test200,dev200,test200,ok,cached_artifact
Voxtral-Small-24B-2507,SER,AAD@5pp,0.070000,0.060000,0.940000,0.055000,aad_alpha_0p75,0.020000,0.045000,200,G2_prefix_trie_E65_dev200_selected_test200,dev200,test200,ok,cached_artifact
Voxtral-Small-24B-2507,SER,ACD@5pp,0.035000,0.025000,0.990000,0.005000,acd_alpha_0p25,0.005000,0.005000,200,G2_prefix_trie_E65_dev200_selected_test200,dev200,test200,ok,cached_artifact
Voxtral-Small-24B-2507,SER,GACL@5pp,0.070000,0.060000,0.980000,0.015000,signed_gacl_soft_audio_margin_center_l0p5_tau1p5,0.035000,0.040000,200,G2_prefix_trie_E65_dev200_selected_test200,dev200,test200,ok,cached_artifact
Voxtral-Small-24B-2507,ALME-English,Joint,0.150000,0.000000,0.975000,0.000000,,0.100000,0.000000,200,G2_prefix_trie_E65_dev200_selected_test200,dev200,test200,ok,cached_artifact
Voxtral-Small-24B-2507,ALME-English,AAD@5pp,0.545000,0.395000,0.920000,0.055000,aad_alpha_1p5,0.525000,0.015000,200,G2_prefix_trie_E65_dev200_selected_test200,dev200,test200,ok,cached_artifact
Voxtral-Small-24B-2507,ALME-English,ACD@5pp,0.495000,0.345000,0.945000,0.030000,acd_alpha_0p5,0.400000,0.000000,200,G2_prefix_trie_E65_dev200_selected_test200,dev200,test200,ok,cached_artifact
Voxtral-Small-24B-2507,ALME-English,GACL@5pp,0.950000,0.800000,0.965000,0.010000,signed_gacl_soft_audio_margin_center_l1p0_tau0p5,0.960000,0.010000,200,G2_prefix_trie_E65_dev200_selected_test200,dev200,test200,ok,cached_artifact
Qwen3-Omni-30B-A3B-Instruct,AQA,Joint,0.430000,0.000000,0.970000,0.000000,,0.435000,0.000000,200,G2_prefix_trie_E65_dev200_selected_test200,dev200,test200,ok,cached_artifact
Qwen3-Omni-30B-A3B-Instruct,AQA,AAD@5pp,0.695000,0.265000,0.925000,0.045000,aad_alpha_0p5,0.670000,0.050000,200,G2_prefix_trie_E65_dev200_selected_test200,dev200,test200,ok,cached_artifact
Qwen3-Omni-30B-A3B-Instruct,AQA,ACD@5pp,0.640000,0.210000,0.940000,0.030000,acd_alpha_0p25,0.605000,0.045000,200,G2_prefix_trie_E65_dev200_selected_test200,dev200,test200,ok,cached_artifact
Qwen3-Omni-30B-A3B-Instruct,AQA,GACL@5pp,0.870000,0.440000,0.925000,0.045000,signed_gacl_soft_audio_margin_center_l1p0_tau0p5,0.880000,0.045000,200,G2_prefix_trie_E65_dev200_selected_test200,dev200,test200,ok,cached_artifact
Qwen3-Omni-30B-A3B-Instruct,VSC,Joint,0.410000,0.000000,0.995000,0.000000,,0.365000,0.000000,200,G2_prefix_trie_E65_dev200_selected_test200,dev200,test200,ok,cached_artifact
Qwen3-Omni-30B-A3B-Instruct,VSC,AAD@5pp,0.730000,0.320000,0.915000,0.080000,aad_alpha_0p75,0.775000,0.035000,200,G2_prefix_trie_E65_dev200_selected_test200,dev200,test200,ok,cached_artifact
Qwen3-Omni-30B-A3B-Instruct,VSC,ACD@5pp,0.590000,0.180000,0.980000,0.015000,acd_alpha_0p25,0.625000,0.010000,200,G2_prefix_trie_E65_dev200_selected_test200,dev200,test200,ok,cached_artifact
Qwen3-Omni-30B-A3B-Instruct,VSC,GACL@5pp,0.895000,0.485000,0.905000,0.090000,signed_gacl_soft_audio_margin_center_l1p25_tau0p5,0.940000,0.050000,200,G2_prefix_trie_E65_dev200_selected_test200,dev200,test200,ok,cached_artifact
Qwen3-Omni-30B-A3B-Instruct,SER,Joint,0.165000,0.000000,0.960000,0.000000,,0.155000,0.000000,200,G2_prefix_trie_E65_dev200_selected_test200,dev200,test200,ok,cached_artifact
Qwen3-Omni-30B-A3B-Instruct,SER,AAD@5pp,,,,,,,,,G2_prefix_trie_E65_dev200_selected_test200,dev200,test200,no_config_within_5pp,cached_artifact
Qwen3-Omni-30B-A3B-Instruct,SER,ACD@5pp,,,,,,,,,G2_prefix_trie_E65_dev200_selected_test200,dev200,test200,no_config_within_5pp,cached_artifact
Qwen3-Omni-30B-A3B-Instruct,SER,GACL@5pp,0.325000,0.160000,0.875000,0.085000,signed_gacl_soft_audio_margin_zscore_l0p5_tau1p0,0.285000,0.040000,200,G2_prefix_trie_E65_dev200_selected_test200,dev200,test200,ok,cached_artifact
Qwen3-Omni-30B-A3B-Instruct,ALME-English,Joint,0.335000,0.000000,0.970000,0.000000,,0.250000,0.000000,200,G2_prefix_trie_E65_dev200_selected_test200,dev200,test200,ok,cached_artifact
Qwen3-Omni-30B-A3B-Instruct,ALME-English,AAD@5pp,0.685000,0.350000,0.955000,0.015000,aad_alpha_2p0,0.670000,-0.005000,200,G2_prefix_trie_E65_dev200_selected_test200,dev200,test200,ok,cached_artifact
Qwen3-Omni-30B-A3B-Instruct,ALME-English,ACD@5pp,0.715000,0.380000,0.945000,0.025000,acd_alpha_0p75,0.700000,0.005000,200,G2_prefix_trie_E65_dev200_selected_test200,dev200,test200,ok,cached_artifact
Qwen3-Omni-30B-A3B-Instruct,ALME-English,GACL@5pp,0.960000,0.625000,0.975000,-0.005000,signed_gacl_soft_audio_margin_center_l1p25_tau0p5,0.950000,0.005000,200,G2_prefix_trie_E65_dev200_selected_test200,dev200,test200,ok,cached_artifact
Kimi-Audio-7B-Instruct,AQA,Joint,0.055000,0.000000,0.990000,0.000000,,0.090000,0.000000,200,G2_prefix_trie_E65_dev200_selected_test200,dev200,test200,ok,cached_artifact
Kimi-Audio-7B-Instruct,AQA,AAD@5pp,0.225000,0.170000,0.955000,0.035000,aad_alpha_1p0,0.260000,0.040000,200,G2_prefix_trie_E65_dev200_selected_test200,dev200,test200,ok,cached_artifact
Kimi-Audio-7B-Instruct,AQA,ACD@5pp,0.225000,0.170000,0.955000,0.035000,acd_alpha_0p5,0.260000,0.040000,200,G2_prefix_trie_E65_dev200_selected_test200,dev200,test200,ok,cached_artifact
Kimi-Audio-7B-Instruct,AQA,GACL@5pp,0.615000,0.560000,0.915000,0.075000,signed_gacl_soft_audio_margin_center_l1p0_tau1p0,0.700000,0.040000,200,G2_prefix_trie_E65_dev200_selected_test200,dev200,test200,ok,cached_artifact
Kimi-Audio-7B-Instruct,VSC,Joint,0.045000,0.000000,0.835000,0.000000,,0.070000,0.000000,200,G2_prefix_trie_E65_dev200_selected_test200,dev200,test200,ok,cached_artifact
Kimi-Audio-7B-Instruct,VSC,AAD@5pp,0.160000,0.115000,0.805000,0.030000,aad_alpha_2p0,0.175000,0.025000,200,G2_prefix_trie_E65_dev200_selected_test200,dev200,test200,ok,cached_artifact
Kimi-Audio-7B-Instruct,VSC,ACD@5pp,0.225000,0.180000,0.795000,0.040000,acd_alpha_0p75,0.225000,0.035000,200,G2_prefix_trie_E65_dev200_selected_test200,dev200,test200,ok,cached_artifact
Kimi-Audio-7B-Instruct,VSC,GACL@5pp,0.315000,0.270000,0.755000,0.080000,signed_gacl_soft_audio_margin_zscore_l1p25_tau1p0,0.370000,0.050000,200,G2_prefix_trie_E65_dev200_selected_test200,dev200,test200,ok,cached_artifact
Kimi-Audio-7B-Instruct,SER,Joint,0.000000,0.000000,1.000000,0.000000,,0.000000,0.000000,200,G2_prefix_trie_E65_dev200_selected_test200,dev200,test200,ok,cached_artifact
Kimi-Audio-7B-Instruct,SER,AAD@5pp,0.005000,0.005000,0.970000,0.030000,aad_alpha_2p0,0.010000,0.035000,200,G2_prefix_trie_E65_dev200_selected_test200,dev200,test200,ok,cached_artifact
Kimi-Audio-7B-Instruct,SER,ACD@5pp,0.005000,0.005000,1.000000,0.000000,acd_alpha_0p5,0.005000,0.000000,200,G2_prefix_trie_E65_dev200_selected_test200,dev200,test200,ok,cached_artifact
Kimi-Audio-7B-Instruct,SER,GACL@5pp,0.080000,0.080000,0.920000,0.080000,signed_gacl_soft_audio_margin_center_l0p5_tau0p5,0.050000,0.050000,200,G2_prefix_trie_E65_dev200_selected_test200,dev200,test200,ok,cached_artifact
Kimi-Audio-7B-Instruct,ALME-English,Joint,0.400000,0.000000,0.860000,0.000000,,0.435000,0.000000,200,G2_prefix_trie_E65_dev200_selected_test200,dev200,test200,ok,cached_artifact
Kimi-Audio-7B-Instruct,ALME-English,AAD@5pp,0.420000,0.020000,0.835000,0.025000,aad_alpha_2p0,0.495000,-0.035000,200,G2_prefix_trie_E65_dev200_selected_test200,dev200,test200,ok,cached_artifact
Kimi-Audio-7B-Instruct,ALME-English,ACD@5pp,0.525000,0.125000,0.750000,0.110000,acd_alpha_1p25,0.530000,0.050000,200,G2_prefix_trie_E65_dev200_selected_test200,dev200,test200,ok,cached_artifact
Kimi-Audio-7B-Instruct,ALME-English,GACL@5pp,0.870000,0.470000,0.880000,-0.020000,signed_gacl_soft_audio_margin_center_l2p0_tau0p5,0.875000,-0.025000,200,G2_prefix_trie_E65_dev200_selected_test200,dev200,test200,ok,cached_artifact
