relative_depth,rho_mean,rho_min,rho_max,rho_sem,cell_count
0.0,0.013753089168670766,-0.4867946113915028,0.3253678674581213,0.11087581697489574,6
0.01,0.025159498388114116,-0.4554779693572288,0.377226997161825,0.111755245199264,6
0.02,0.03656590760755748,-0.42416132732295475,0.4290861268655287,0.1143065586585352,6
0.03,0.04285707364643351,-0.38663805566197895,0.4809452565692324,0.11603459246818627,6
0.04,0.040236914846535875,-0.3410826750723303,0.47996611636047903,0.10888955275060785,6
0.05,0.045726253692415,-0.2955272944826817,0.46357581409392595,0.09973623587117623,6
0.06,0.04456957499717587,-0.30151015953679655,0.4471855118273729,0.09755860608720492,6
0.07,0.04351457967668133,-0.3150721783620525,0.43615961905692957,0.09788422959669629,6
0.08,0.04445949453998659,-0.32952142865168677,0.42955147528328247,0.09888123206972349,6
0.09,0.05456087791444752,-0.34596694973617254,0.42294333150963537,0.10005634883873205,6
0.1,0.06908472170151962,-0.3624124708206583,0.42005194542214686,0.10305376056515449,6
0.11,0.08622694284667042,-0.37519381355013237,0.4249657504755914,0.10647621110252753,6
0.12,0.10580194738851319,-0.3867116465020162,0.42987955552903595,0.11073987707482896,6
0.13,0.12183232486285671,-0.4046353537903207,0.43358427300311303,0.11644906763265617,6
0.14,0.10771007115362584,-0.45184305804511926,0.42600417306976085,0.12093054424983832,6
0.15,0.09145738401115833,-0.4990507622999177,0.4184240731364087,0.12634307111766022,6
0.16,0.06775201277330058,-0.5278034601174002,0.41084397320305654,0.1286268496939762,6
0.17,0.05564473843693064,-0.5450217789115606,0.4216865618996772,0.13136635028316757,6
0.18,0.044188735872602934,-0.5626435095175325,0.43525843780073803,0.13455047270877554,6
0.19,0.020854068180310326,-0.5877283586420219,0.44883031370179893,0.1387608761728297,6
0.2,0.009293775129842979,-0.6128132077665113,0.47540771463827697,0.14814080453846362,6
0.21,0.01551944985444465,-0.607586439775985,0.5091381543442344,0.15507340091516414,6
0.22,0.036499265613771294,-0.5704527064012321,0.5428685940501918,0.15630462938775885,6
0.23,0.04574237062567038,-0.5333189730264793,0.5635891466652101,0.15399904482445245,6
0.24,0.03730276357308829,-0.5496045614944765,0.5662960094620053,0.15344778111874288,6
0.25,0.028486340373870562,-0.5703417601160358,0.5690028722588005,0.1541716772932001,6
0.26,0.02303498770839113,-0.5619580541561497,0.5620263468773021,0.1511292106714324,6
0.27,0.027172887083797292,-0.5015727328722551,0.5147023707529155,0.13864386620549793,6
0.28,0.031310786459203474,-0.44118741158836056,0.4673783946285289,0.1267926335473064,6
0.29,0.03460189764597728,-0.37009910909979266,0.4200544185041426,0.11529099385811022,6
0.3,0.04334997421684122,-0.2962487469455023,0.43311964793207997,0.11182305665456835,6
0.31,0.03945294159113642,-0.251745065330768,0.44819785087842834,0.11388084485971336,6
0.32,0.015281934518427881,-0.3050636521812222,0.46327605382477677,0.12721568725035123,6
0.33,-0.009970416230767831,-0.35838223903167643,0.44158298758901876,0.13587997181537556,6
0.34,-0.0020548279437862618,-0.3363398322261066,0.4070999146812239,0.12940536884930362,6
0.35000000000000003,0.0226327896311076,-0.2766169285925253,0.38596311998669997,0.11653969229402085,6
0.36,0.046903431782901045,-0.22252835667663043,0.40201775578729265,0.10993072133064893,6
0.37,0.0563871117031976,-0.21774018729048933,0.41807239158788545,0.11492338155484465,6
0.38,0.05629687818777867,-0.2129520179043482,0.4407039727496971,0.11380015777225921,6
0.39,0.05329229745683799,-0.2067046775031078,0.4200047590244498,0.1041745975803073,6
0.4,0.03469941443728904,-0.23126290300546748,0.2663501490913526,0.07926435380818189,6
0.41000000000000003,0.017717676007514064,-0.2558211285078272,0.2131348860430511,0.0649790557130012,6
0.42,-0.023277397862534164,-0.2784351610171505,0.19122457876997978,0.06418265000138144,6
0.43,-0.044387280911490024,-0.2728583951274503,0.1693142714969083,0.06467699768498075,6
0.44,-0.03650476570078769,-0.2672816292377501,0.14740396422383684,0.06888939919661845,6
0.45,0.013224911912721413,-0.26170486334804993,0.3517589674183381,0.09452002020476685,6
0.46,0.0674002389752908,-0.27929318217603544,0.6289052238441191,0.1315480586196842,6
0.47000000000000003,0.08140747608003181,-0.30133632498819096,0.7319480992801459,0.14826021935802444,6
0.48,0.08796075355868467,-0.3233794678003463,0.8033358145362184,0.16100216836681325,6
0.49,0.10654485400917763,-0.30926472209100936,0.8655682165779874,0.16725609588929619,6
0.5,0.1463064126117717,-0.2723134152102031,0.9044961849833478,0.16617291040717283,6
0.51,0.18606797121436583,-0.23536210832939686,0.9434241533887083,0.16843567982333105,6
0.52,0.21413780805870222,-0.21479389072586993,0.9654321919137582,0.16695201567378562,6
0.53,0.2471703373761899,-0.22016556447803493,0.9807931151286864,0.1644457775226796,6
0.54,0.28044104959798294,-0.22553723823019992,0.9938301072102323,0.16730720134476745,6
0.55,0.3132556610829816,-0.21666666666666587,0.9940854780581775,0.17148218291359923,6
0.56,0.33443644242318643,-0.1337364194615015,0.9943408489061225,0.1661318189268633,6
0.5700000000000001,0.3472480673969409,-0.050806172256337157,0.9946141786536563,0.1629993141257679,6
0.58,0.35636817076823357,-0.0528857150369477,0.9949000015487302,0.16140877399774356,6
0.59,0.3867518994109862,-0.09126194960409456,0.9951860681205158,0.1628647449725807,6
0.6,0.44014928377698975,-0.062093409549805835,0.9954813944073476,0.1619529358915775,6
0.61,0.4974745871743696,-0.009284198378014738,0.9957767206941796,0.1621749988137735,6
0.62,0.5375087752471898,0.043525012793776366,0.9959965409661317,0.15910268600543642,6
0.63,0.5728943897789843,0.1008077988423315,0.9961282708873906,0.15424279984176123,6
0.64,0.6334032578737961,0.203159202353889,0.9962600008086496,0.1364567632605243,6
0.65,0.6793314185070027,0.23773548555387097,0.9961249903401359,0.12123874988222397,6
0.66,0.7193865867208168,0.27231176875385293,0.9959594952556483,0.10985096945846073,6
0.67,0.7510473620736459,0.3085985364047953,0.9958862556491521,0.10417101153318349,6
0.68,0.7647315428892073,0.34830627295765837,0.995997526998639,0.0999993799677804,6
0.6900000000000001,0.7750007733607861,0.3880140095105215,0.9961087983481258,0.0953367448124817,6
0.7000000000000001,0.7840242415602728,0.42772174606338464,0.9962402015999673,0.09158381037040939,6
0.71,0.7923597044989629,0.45853501523391876,0.9963776444225152,0.08993178733124711,6
0.72,0.8025983731418881,0.48411624476778936,0.9965286477351561,0.08840749975909762,6
0.73,0.8233477016693356,0.50969747430166,0.996732197946908,0.08227859110358814,6
0.74,0.8440970301967831,0.5352787038355307,0.99693574815866,0.07703726020623315,6
0.75,0.850359458406707,0.5204681226686408,0.9971109396605974,0.0770593118957358,6
0.76,0.8542777101181144,0.5024261966456903,0.9972702502850387,0.0785079504109367,6
0.77,0.8578085194822801,0.48438427062273975,0.9974126598241344,0.0805673234352708,6
0.78,0.8580477977065227,0.4746395284603776,0.9973522563390839,0.08214992159229847,6
0.79,0.8630970447489484,0.49393492981007436,0.9972918528540332,0.0792319349204448,6
0.8,0.8696115531446629,0.5132303311597711,0.9973594938067849,0.07616249772448161,6
0.81,0.8774772594213801,0.5325257325094679,0.9975487769754487,0.07298218395386674,6
0.8200000000000001,0.88696957678413,0.5617151741222702,0.9977380601441126,0.06829288972645574,6
0.8300000000000001,0.8950404097047756,0.6000919388365276,0.9977951339975929,0.062326726871034195,6
0.84,0.9029184438070721,0.6384687035507843,0.9978450614016039,0.05640990068355416,6
0.85,0.910479107117624,0.6768454682650415,0.9979039564721854,0.05057754114860186,6
0.86,0.9195919434607461,0.726209516216293,0.9979771998092797,0.04319049713661521,6
0.87,0.9290978600877708,0.7780706739941342,0.9980504431463739,0.03573533106317689,6
0.88,0.9398748907397505,0.8299318317719754,0.9980678816819386,0.02857710790345926,6
0.89,0.9500253994057136,0.8767394515789173,0.9980731129171686,0.02271175766339682,6
0.9,0.9533720665864734,0.8831187676186678,0.9981583372038638,0.02188508243161747,6
0.91,0.9561983577354317,0.8891970505421318,0.998475541339808,0.02156574331204187,6
0.92,0.9590685713985234,0.8883329224121035,0.9987927454757523,0.02138663656084583,6
0.93,0.9667251182035096,0.9015297929895497,0.9988804673579096,0.018272762193491384,6
0.9400000000000001,0.9756713101615963,0.9061248441014835,0.9988661971272729,0.0151886807276012,6
0.9500000000000001,0.9829097147713569,0.9107198952134173,0.9988371119424458,0.014445266633123201,6
0.96,0.9840574579609086,0.915314946325351,0.9987072850691258,0.01375266845038129,6
0.97,0.9872931735214165,0.9325079187903986,0.9988441428884752,0.010959442774147569,6
0.98,0.9914913263025649,0.9550052791935991,0.9992294285923169,0.00729868724009145,6
0.99,0.9957456631512823,0.9775026395967995,0.9996147142961584,0.003649343620045726,6
1.0,1.0,0.9999999999999998,1.0,5.733167046599012e-17,6
