model,task,layer,relative_depth,n,rho_delta_res_final,slope_delta_res_final,residual_rescue,model_label
qwen25_omni,AQA,0,0.0,140,0.1226107691945608,2.412643397869337,0.0142857142857142,Qwen2.5-Omni
qwen25_omni,AQA,1,0.037037037037037,140,-0.0146741722097602,0.0848870520136039,0.0,Qwen2.5-Omni
qwen25_omni,AQA,2,0.074074074074074,140,0.0856801678031401,1.4775179958418192,0.0,Qwen2.5-Omni
qwen25_omni,AQA,3,0.1111111111111111,140,0.1001747511179675,4.6842787550457805,0.0,Qwen2.5-Omni
qwen25_omni,AQA,4,0.1481481481481481,140,0.1836343946474845,7.64122191542733,0.0071428571428571,Qwen2.5-Omni
qwen25_omni,AQA,5,0.1851851851851851,140,0.1458536116930092,7.587924557405211,0.0,Qwen2.5-Omni
qwen25_omni,AQA,6,0.2222222222222222,140,0.2298880505722785,7.906821568273394,0.0,Qwen2.5-Omni
qwen25_omni,AQA,7,0.2592592592592592,140,0.1938956816366031,7.953415814001728,0.0,Qwen2.5-Omni
qwen25_omni,AQA,8,0.2962962962962963,140,0.256672840152048,8.63683725605992,0.0,Qwen2.5-Omni
qwen25_omni,AQA,9,0.3333333333333333,140,0.3592053936523786,11.876015234212668,0.0,Qwen2.5-Omni
qwen25_omni,AQA,10,0.3703703703703703,140,0.418667007728648,12.462467333665534,0.0,Qwen2.5-Omni
qwen25_omni,AQA,11,0.4074074074074074,140,0.2188153360768105,7.238000379873961,0.0071428571428571,Qwen2.5-Omni
qwen25_omni,AQA,12,0.4444444444444444,140,0.1376660498802496,4.613008393585234,0.0,Qwen2.5-Omni
qwen25_omni,AQA,13,0.4814814814814814,140,0.1547780102690041,5.499126527249086,0.0,Qwen2.5-Omni
qwen25_omni,AQA,14,0.5185185185185185,140,0.0448895421322897,3.023279730162519,0.0,Qwen2.5-Omni
qwen25_omni,AQA,15,0.5555555555555556,140,0.0409228583494109,0.2240368207410365,0.0,Qwen2.5-Omni
qwen25_omni,AQA,16,0.5925925925925926,140,-0.1012113437511326,-1.5650010293005392,0.0,Qwen2.5-Omni
qwen25_omni,AQA,17,0.6296296296296297,140,0.0943783272555012,2.3679389035652387,0.0214285714285714,Qwen2.5-Omni
qwen25_omni,AQA,18,0.6666666666666666,140,0.7373254859385586,2.5538250696051645,0.1071428571428571,Qwen2.5-Omni
qwen25_omni,AQA,19,0.7037037037037037,140,0.838733625576849,2.221659458156355,0.1857142857142857,Qwen2.5-Omni
qwen25_omni,AQA,20,0.7407407407407407,140,0.9821192719153696,1.4048018398266449,0.7928571428571428,Qwen2.5-Omni
qwen25_omni,AQA,21,0.7777777777777778,140,0.984267731739666,1.3753171680194567,0.8285714285714286,Qwen2.5-Omni
qwen25_omni,AQA,22,0.8148148148148148,140,0.985986468640562,1.338033609423323,0.8428571428571429,Qwen2.5-Omni
qwen25_omni,AQA,23,0.8518518518518519,140,0.9899246453716972,1.217587575197986,0.8928571428571429,Qwen2.5-Omni
qwen25_omni,AQA,24,0.8888888888888888,140,0.9910902596393264,1.201362413441823,0.8928571428571429,Qwen2.5-Omni
qwen25_omni,AQA,25,0.925925925925926,140,0.9958922517104074,1.125089720976001,0.9142857142857144,Qwen2.5-Omni
qwen25_omni,AQA,26,0.9629629629629628,140,0.9981861220348572,1.0078081630239055,0.9142857142857144,Qwen2.5-Omni
qwen25_omni,AQA,27,1.0,140,0.9999999999999998,1.0,0.9142857142857144,Qwen2.5-Omni
qwen25_omni,VSC,0,0.0,174,0.0146143113414391,-0.9223434342046596,0.0,Qwen2.5-Omni
qwen25_omni,VSC,1,0.037037037037037,174,0.0012357989896063,0.3144263390125097,0.0,Qwen2.5-Omni
qwen25_omni,VSC,2,0.074074074074074,174,0.0662217033514621,0.8367961629131004,0.0,Qwen2.5-Omni
qwen25_omni,VSC,3,0.1111111111111111,174,0.0573217756573216,0.1393917656357096,0.0,Qwen2.5-Omni
qwen25_omni,VSC,4,0.1481481481481481,174,0.0977659373934139,1.287656246231185,0.0,Qwen2.5-Omni
qwen25_omni,VSC,5,0.1851851851851851,174,0.0037985136251032,-0.8972934563623928,0.0,Qwen2.5-Omni
qwen25_omni,VSC,6,0.2222222222222222,174,-0.0010979817750972,-0.9631739184704394,0.0,Qwen2.5-Omni
qwen25_omni,VSC,7,0.2592592592592592,174,0.0336946196584627,0.5085702812965034,0.0,Qwen2.5-Omni
qwen25_omni,VSC,8,0.2962962962962963,174,0.108851804752808,2.544088511164132,0.0,Qwen2.5-Omni
qwen25_omni,VSC,9,0.3333333333333333,174,-0.0988220018284761,-2.742399879806957,0.0,Qwen2.5-Omni
qwen25_omni,VSC,10,0.3703703703703703,174,-0.0578228968056376,-2.581937388174037,0.0,Qwen2.5-Omni
qwen25_omni,VSC,11,0.4074074074074074,174,0.0215530300441838,-0.2292445744168217,0.0,Qwen2.5-Omni
qwen25_omni,VSC,12,0.4444444444444444,174,0.1203246791336389,3.542659828666745,0.0,Qwen2.5-Omni
qwen25_omni,VSC,13,0.4814814814814814,174,0.1276586778196993,3.790302928873543,0.0,Qwen2.5-Omni
qwen25_omni,VSC,14,0.5185185185185185,174,0.1939246561690253,4.99157125574594,0.0,Qwen2.5-Omni
qwen25_omni,VSC,15,0.5555555555555556,174,0.1749564052657639,4.405301794318854,0.0,Qwen2.5-Omni
qwen25_omni,VSC,16,0.5925925925925926,174,0.1716519101637056,3.1597099523167747,0.0,Qwen2.5-Omni
qwen25_omni,VSC,17,0.6296296296296297,174,0.1673023160724263,1.2338024635488425,0.0,Qwen2.5-Omni
qwen25_omni,VSC,18,0.6666666666666666,174,0.2953626242205073,1.2978446576250704,0.0,Qwen2.5-Omni
qwen25_omni,VSC,19,0.7037037037037037,174,0.4424283151570374,1.4661173717738412,0.0,Qwen2.5-Omni
qwen25_omni,VSC,20,0.7407407407407407,174,0.5371736097269284,1.3347434517770986,0.0114942528735632,Qwen2.5-Omni
qwen25_omni,VSC,21,0.7777777777777778,174,0.4703516614937783,1.2868499121064672,0.0459770114942528,Qwen2.5-Omni
qwen25_omni,VSC,22,0.8148148148148148,174,0.5418161109370995,1.5790952552380515,0.057471264367816,Qwen2.5-Omni
qwen25_omni,VSC,23,0.8518518518518519,174,0.6839522765454596,1.896932234183966,0.1091954022988505,Qwen2.5-Omni
qwen25_omni,VSC,24,0.8888888888888888,174,0.8760306386856116,1.7287242736895487,0.9252873563218392,Qwen2.5-Omni
qwen25_omni,VSC,25,0.925925925925926,174,0.8996577351291323,1.7609444769024891,0.9770114942528736,Qwen2.5-Omni
qwen25_omni,VSC,26,0.9629629629629628,174,0.9166764429511092,1.41353250440849,0.9827586206896552,Qwen2.5-Omni
qwen25_omni,VSC,27,1.0,174,1.0,1.0,0.9942528735632185,Qwen2.5-Omni
qwen2_audio,AQA,0,0.0,172,0.3253678674581213,91.1292281802872,0.0,Qwen2-Audio-Inst.
qwen2_audio,AQA,1,0.032258064516129,172,0.4926553826313589,92.39023100845496,0.0,Qwen2-Audio-Inst.
qwen2_audio,AQA,2,0.064516129032258,172,0.4397834398360264,55.66087694399171,0.0,Qwen2-Audio-Inst.
qwen2_audio,AQA,3,0.0967741935483871,172,0.4184668470178099,49.25922389682507,0.0,Qwen2-Audio-Inst.
qwen2_audio,AQA,4,0.1290322580645161,172,0.4343178310611794,50.51420231510647,0.0,Qwen2-Audio-Inst.
qwen2_audio,AQA,5,0.1612903225806451,172,0.4098658957923015,39.35642706578023,0.0,Qwen2-Audio-Inst.
qwen2_audio,AQA,6,0.1935483870967742,172,0.4536461406344334,40.41808354747971,0.0,Qwen2-Audio-Inst.
qwen2_audio,AQA,7,0.2258064516129032,172,0.5624540106536509,36.19332496274336,0.0,Qwen2-Audio-Inst.
qwen2_audio,AQA,8,0.2580645161290322,172,0.5711858261271837,26.50073246069638,0.0,Qwen2-Audio-Inst.
qwen2_audio,AQA,9,0.2903225806451613,172,0.4185278386291622,20.22294373044088,0.0,Qwen2-Audio-Inst.
qwen2_audio,AQA,10,0.3225806451612903,172,0.4671672029722215,18.5610155356761,0.0,Qwen2-Audio-Inst.
qwen2_audio,AQA,11,0.3548387096774194,172,0.3559314839148187,13.078868952287303,0.0,Qwen2-Audio-Inst.
qwen2_audio,AQA,12,0.3870967741935484,172,0.4646141619082525,13.195143899280652,0.0,Qwen2-Audio-Inst.
qwen2_audio,AQA,13,0.4193548387096774,172,-0.0310458701339956,-0.571236270700948,0.0232558139534883,Qwen2-Audio-Inst.
qwen2_audio,AQA,14,0.4516129032258064,172,-0.1961407207926248,-3.760698795640345,0.0232558139534883,Qwen2-Audio-Inst.
qwen2_audio,AQA,15,0.4838709677419355,172,-0.1726965334888844,-1.8031526200731287,0.0465116279069767,Qwen2-Audio-Inst.
qwen2_audio,AQA,16,0.5161290322580645,172,-0.0815878440131372,-0.3216184760483702,0.0813953488372093,Qwen2-Audio-Inst.
qwen2_audio,AQA,17,0.5483870967741935,172,0.5163617496716618,2.1154633009824138,0.1453488372093023,Qwen2-Audio-Inst.
qwen2_audio,AQA,18,0.5806451612903226,172,0.6175336317856187,2.2836331246171038,0.1686046511627907,Qwen2-Audio-Inst.
qwen2_audio,AQA,19,0.6129032258064516,172,0.9424418015060504,1.948134672657703,0.3662790697674418,Qwen2-Audio-Inst.
qwen2_audio,AQA,20,0.6451612903225806,172,0.9539057479267756,1.917680537031908,0.3837209302325581,Qwen2-Audio-Inst.
qwen2_audio,AQA,21,0.6774193548387096,172,0.9776026036361,1.7511236021599716,0.5290697674418605,Qwen2-Audio-Inst.
qwen2_audio,AQA,22,0.7096774193548387,172,0.9775460293427478,1.6916390027015733,0.5406976744186046,Qwen2-Audio-Inst.
qwen2_audio,AQA,23,0.7419354838709677,172,0.9855249511967756,1.5739777884424473,0.7209302325581395,Qwen2-Audio-Inst.
qwen2_audio,AQA,24,0.7741935483870968,172,0.988133301810039,1.4803499276586751,0.7732558139534884,Qwen2-Audio-Inst.
qwen2_audio,AQA,25,0.8064516129032258,172,0.9920759015430766,1.2870094032284087,0.877906976744186,Qwen2-Audio-Inst.
qwen2_audio,AQA,26,0.8387096774193549,172,0.9928246732196824,1.2765491077780782,0.877906976744186,Qwen2-Audio-Inst.
qwen2_audio,AQA,27,0.8709677419354839,172,0.995876990090917,1.1585735463381273,0.9069767441860463,Qwen2-Audio-Inst.
qwen2_audio,AQA,28,0.9032258064516128,172,0.9963180041638648,1.1611224082289355,0.9069767441860463,Qwen2-Audio-Inst.
qwen2_audio,AQA,29,0.935483870967742,172,0.9976033125582848,1.0762046580126337,0.936046511627907,Qwen2-Audio-Inst.
qwen2_audio,AQA,30,0.967741935483871,172,0.9987571428908336,0.9992616697738784,0.936046511627907,Qwen2-Audio-Inst.
qwen2_audio,AQA,31,1.0,172,1.0,1.0,0.936046511627907,Qwen2-Audio-Inst.
qwen2_audio,VSC,0,0.0,145,-0.0021532614340567,-4.573692262739737,0.0,Qwen2-Audio-Inst.
qwen2_audio,VSC,1,0.032258064516129,145,-0.0360163716169029,-30.958195858018147,0.0,Qwen2-Audio-Inst.
qwen2_audio,VSC,2,0.064516129032258,145,-0.012344549119924,-20.31757986072357,0.0,Qwen2-Audio-Inst.
qwen2_audio,VSC,3,0.0967741935483871,145,0.0178556491233698,-9.078262125649262,0.0,Qwen2-Audio-Inst.
qwen2_audio,VSC,4,0.1290322580645161,145,0.2762358952617448,33.18087704897542,0.0,Qwen2-Audio-Inst.
qwen2_audio,VSC,5,0.1612903225806451,145,0.1026537316212093,2.804159397155513,0.0,Qwen2-Audio-Inst.
qwen2_audio,VSC,6,0.1935483870967742,145,0.091891221640907,3.026939543160438,0.0,Qwen2-Audio-Inst.
qwen2_audio,VSC,7,0.2258064516129032,145,0.2217120205969806,12.568293516670405,0.0,Qwen2-Audio-Inst.
qwen2_audio,VSC,8,0.2580645161290322,145,0.0396908342640023,-1.1000029186453688,0.0,Qwen2-Audio-Inst.
qwen2_audio,VSC,9,0.2903225806451613,145,-0.0392734200784497,-3.447738357628951,0.0,Qwen2-Audio-Inst.
qwen2_audio,VSC,10,0.3225806451612903,145,-0.1249999999999999,-5.083771759203188,0.0,Qwen2-Audio-Inst.
qwen2_audio,VSC,11,0.3548387096774194,145,-0.079060461994667,-2.494620058155411,0.0,Qwen2-Audio-Inst.
qwen2_audio,VSC,12,0.3870967741935484,145,-0.1995748700991969,-4.670564534224721,0.0,Qwen2-Audio-Inst.
qwen2_audio,VSC,13,0.4193548387096774,145,-0.2787949523648731,-4.425596446175844,0.0,Qwen2-Audio-Inst.
qwen2_audio,VSC,14,0.4516129032258064,145,-0.2608053849787435,-3.2564713820245155,0.0,Qwen2-Audio-Inst.
qwen2_audio,VSC,15,0.4838709677419355,145,-0.3319122972760195,-1.7051941539968951,0.0,Qwen2-Audio-Inst.
qwen2_audio,VSC,16,0.5161290322580645,145,-0.2127145331443867,-0.4927817744744469,0.0137931034482758,Qwen2-Audio-Inst.
qwen2_audio,VSC,17,0.5483870967741935,145,-0.2300425129900802,-0.2699479752581961,0.0689655172413793,Qwen2-Audio-Inst.
qwen2_audio,VSC,18,0.5806451612903226,145,0.0374744134781924,0.3955344987895657,0.1862068965517241,Qwen2-Audio-Inst.
qwen2_audio,VSC,19,0.6129032258064516,145,0.5155605416469847,1.6283118461943786,0.4068965517241379,Qwen2-Audio-Inst.
qwen2_audio,VSC,20,0.6451612903225806,145,0.7829987403558493,1.9387618711218464,0.5655172413793104,Qwen2-Audio-Inst.
qwen2_audio,VSC,21,0.6774193548387096,145,0.8615257439773264,1.8355337051486944,0.593103448275862,Qwen2-Audio-Inst.
qwen2_audio,VSC,22,0.7096774193548387,145,0.8747205164541015,1.8065104692669016,0.6,Qwen2-Audio-Inst.
qwen2_audio,VSC,23,0.7419354838709677,145,0.8671429696110848,1.7912388135775,0.6137931034482759,Qwen2-Audio-Inst.
qwen2_audio,VSC,24,0.7741935483870968,145,0.8865060620374744,1.6093234750731764,0.6896551724137931,Qwen2-Audio-Inst.
qwen2_audio,VSC,25,0.8064516129032258,145,0.9038419146591088,1.3678236030894202,0.8068965517241379,Qwen2-Audio-Inst.
qwen2_audio,VSC,26,0.8387096774193549,145,0.922146118721461,1.3513627634603314,0.8137931034482758,Qwen2-Audio-Inst.
qwen2_audio,VSC,27,0.8709677419354839,145,0.933557707447646,1.3803467760945278,0.8206896551724138,Qwen2-Audio-Inst.
qwen2_audio,VSC,28,0.9032258064516128,145,0.9630373169579592,1.352152093285769,0.8275862068965517,Qwen2-Audio-Inst.
qwen2_audio,VSC,29,0.935483870967742,145,0.994307982994804,1.1064983961931874,0.8620689655172413,Qwen2-Audio-Inst.
qwen2_audio,VSC,30,0.967741935483871,145,0.9970477090222012,1.0635400456327733,0.8620689655172413,Qwen2-Audio-Inst.
qwen2_audio,VSC,31,1.0,145,0.9999999999999998,1.0,0.8620689655172413,Qwen2-Audio-Inst.
voxtral,AQA,0,0.0,135,-0.4867946113915028,-3.394265304070452,0.0,Voxtral-Small-24B
voxtral,AQA,1,0.0256410256410256,135,-0.4064955292523388,-2.449168937683548,0.0,Voxtral-Small-24B
voxtral,AQA,2,0.0512820512820512,135,-0.2896868610737528,-1.6327050681485242,0.0,Voxtral-Small-24B
voxtral,AQA,3,0.0769230769230769,135,-0.3244612683179988,-2.081437046147763,0.0,Voxtral-Small-24B
voxtral,AQA,4,0.1025641025641025,135,-0.3666292710987315,-2.0333995927223905,0.0,Voxtral-Small-24B
voxtral,AQA,5,0.1282051282051282,135,-0.3961621761035619,-2.192476727649272,0.0,Voxtral-Small-24B
voxtral,AQA,6,0.1538461538461538,135,-0.5172075716286861,-2.836462950186708,0.0,Voxtral-Small-24B
voxtral,AQA,7,0.1794871794871795,135,-0.561357106998328,-2.9838318367308867,0.0,Voxtral-Small-24B
voxtral,AQA,8,0.2051282051282051,135,-0.625677232958557,-2.887775088624008,0.0,Voxtral-Small-24B
voxtral,AQA,9,0.2307692307692307,135,-0.5304625319976525,-2.707170456061052,0.0,Voxtral-Small-24B
voxtral,AQA,10,0.2564102564102564,135,-0.5836348361554967,-3.005662848178577,0.0,Voxtral-Small-24B
voxtral,AQA,11,0.282051282051282,135,-0.4288006790173058,-2.602046758158407,0.0,Voxtral-Small-24B
voxtral,AQA,12,0.3076923076923077,135,-0.2394407760575864,-1.5472093032783192,0.0,Voxtral-Small-24B
voxtral,AQA,13,0.3333333333333333,135,-0.376155101315161,-1.8137493445117097,0.0148148148148148,Voxtral-Small-24B
voxtral,AQA,14,0.358974358974359,135,-0.2230194509726449,-1.0645747682220297,0.0074074074074074,Voxtral-Small-24B
voxtral,AQA,15,0.3846153846153846,135,-0.2107420935722831,-1.018204739929312,0.0296296296296296,Voxtral-Small-24B
voxtral,AQA,16,0.4102564102564102,135,0.0520376420677352,0.3117710225603342,0.0296296296296296,Voxtral-Small-24B
voxtral,AQA,17,0.4358974358974359,135,-0.0390883172846859,-0.0416917400631393,0.0222222222222222,Voxtral-Small-24B
voxtral,AQA,18,0.4615384615384615,135,0.6715431094480839,2.6013711592509123,0.037037037037037,Voxtral-Small-24B
voxtral,AQA,19,0.4871794871794871,135,0.8545885331816035,2.20014519955191,0.1259259259259259,Voxtral-Small-24B
voxtral,AQA,20,0.5128205128205128,135,0.9544038367850918,1.4063785170859175,0.237037037037037,Voxtral-Small-24B
voxtral,AQA,21,0.5384615384615384,135,0.9937908193874716,1.073558007491379,0.7111111111111111,Voxtral-Small-24B
voxtral,AQA,22,0.5641025641025641,135,0.9944456164334846,1.0486780539081408,0.7333333333333333,Voxtral-Small-24B
voxtral,AQA,23,0.5897435897435898,135,0.9951784956516226,1.0424438507882312,0.7555555555555555,Voxtral-Small-24B
voxtral,AQA,24,0.6153846153846154,135,0.9959357425409352,1.0373046822572412,0.7703703703703704,Voxtral-Small-24B
voxtral,AQA,25,0.6410256410256411,135,0.9962735115698044,1.0333746029519053,0.7777777777777778,Voxtral-Small-24B
voxtral,AQA,26,0.6666666666666666,135,0.9958491651993232,1.0292567300437752,0.7703703703703704,Voxtral-Small-24B
voxtral,AQA,27,0.6923076923076923,135,0.9961344763518536,1.0361186105468942,0.7851851851851852,Voxtral-Small-24B
voxtral,AQA,28,0.717948717948718,135,0.996486893845566,1.026397626672474,0.8,Voxtral-Small-24B
voxtral,AQA,29,0.7435897435897436,135,0.9970088174654428,1.024145079905625,0.8148148148148148,Voxtral-Small-24B
voxtral,AQA,30,0.7692307692307693,135,0.9974173062460614,1.0320204161187423,0.8074074074074075,Voxtral-Small-24B
voxtral,AQA,31,0.7948717948717948,135,0.9972624255151624,1.0289502447139556,0.837037037037037,Voxtral-Small-24B
voxtral,AQA,32,0.8205128205128205,135,0.9977477669732748,1.0294345953297284,0.8592592592592593,Voxtral-Small-24B
voxtral,AQA,33,0.8461538461538461,135,0.9978757859579184,1.030731377401527,0.8444444444444444,Voxtral-Small-24B
voxtral,AQA,34,0.8717948717948718,135,0.9980635893863652,1.0377943130307343,0.8518518518518519,Voxtral-Small-24B
voxtral,AQA,35,0.8974358974358975,135,0.998077002810032,1.0387247296742022,0.837037037037037,Voxtral-Small-24B
voxtral,AQA,36,0.9230769230769232,135,0.9988903467483504,1.009224681963146,0.8666666666666667,Voxtral-Small-24B
voxtral,AQA,37,0.9487179487179488,135,0.9988537564133844,1.0075640561735448,0.8888888888888888,Voxtral-Small-24B
voxtral,AQA,38,0.9743589743589745,135,0.9985208669946148,1.0069749099146963,0.8814814814814815,Voxtral-Small-24B
voxtral,AQA,39,1.0,135,1.0,1.0,0.8888888888888888,Voxtral-Small-24B
voxtral,VSC,0,0.0,97,0.1088734598434629,2.387245871647461,0.0,Voxtral-Small-24B
voxtral,VSC,1,0.0256410256410256,97,0.2023077681755815,2.6171856082799674,0.0,Voxtral-Small-24B
voxtral,VSC,2,0.0512820512820512,97,0.0786944958600217,1.7934508939410982,0.0,Voxtral-Small-24B
voxtral,VSC,3,0.0769230769230769,97,-0.0106183635230277,-0.2475166370467609,0.0,Voxtral-Small-24B
voxtral,VSC,4,0.1025641025641025,97,0.1760209868151566,3.2459777447049736,0.0,Voxtral-Small-24B
voxtral,VSC,5,0.1282051282051282,97,0.2120502840311382,3.299293132618397,0.0,Voxtral-Small-24B
voxtral,VSC,6,0.1538461538461538,97,0.1874624000301562,2.4879014608431853,0.0,Voxtral-Small-24B
voxtral,VSC,7,0.1794871794871795,97,0.1340092311449642,1.4310295546308598,0.0,Voxtral-Small-24B
voxtral,VSC,8,0.2051282051282051,97,-0.1659954830794527,-1.0803315304624466,0.0,Voxtral-Small-24B
voxtral,VSC,9,0.2307692307692307,97,-0.1829107931832526,-1.0422656817898144,0.0,Voxtral-Small-24B
voxtral,VSC,10,0.2564102564102564,97,-0.1268023274954262,-0.6600838132713437,0.0,Voxtral-Small-24B
voxtral,VSC,11,0.282051282051282,97,-0.1293595142532574,-0.6045965491898818,0.0,Voxtral-Small-24B
voxtral,VSC,12,0.3076923076923077,97,-0.1828318956448558,-1.430325138816859,0.0,Voxtral-Small-24B
voxtral,VSC,13,0.3333333333333333,97,-0.3157095377592332,-2.2467994727612672,0.0,Voxtral-Small-24B
voxtral,VSC,14,0.358974358974359,97,-0.1066833229254788,-0.6226230716984129,0.0,Voxtral-Small-24B
voxtral,VSC,15,0.3846153846153846,97,-0.0332029323785078,0.2518351795469891,0.0,Voxtral-Small-24B
voxtral,VSC,16,0.4102564102564102,97,-0.0416647490064562,0.1076638390914167,0.0,Voxtral-Small-24B
voxtral,VSC,17,0.4358974358974359,97,-0.1705764780138859,-0.514665022303044,0.0,Voxtral-Small-24B
voxtral,VSC,18,0.4615384615384615,97,-0.014030658369324,0.1774249821683534,0.0,Voxtral-Small-24B
voxtral,VSC,19,0.4871794871794871,97,-0.0752947983343483,-0.0043502347696992,0.0,Voxtral-Small-24B
voxtral,VSC,20,0.5128205128205128,97,0.2996397012413212,0.7556615808783551,0.0103092783505154,Voxtral-Small-24B
voxtral,VSC,21,0.5384615384615384,97,0.322803764741661,0.5814094207764802,0.1855670103092783,Voxtral-Small-24B
voxtral,VSC,22,0.5641025641025641,97,0.408518304228908,0.6582439801149617,0.3402061855670103,Voxtral-Small-24B
voxtral,VSC,23,0.5897435897435898,97,0.3557227014517146,0.5155738490997045,0.4329896907216495,Voxtral-Small-24B
voxtral,VSC,24,0.6153846153846154,97,0.4662187039764359,0.678678030715044,0.4948453608247423,Voxtral-Small-24B
voxtral,VSC,25,0.6410256410256411,97,0.6413207491380553,0.8875186967314536,0.5257731958762887,Voxtral-Small-24B
voxtral,VSC,26,0.6666666666666666,97,0.6429491899852724,0.8875934959584264,0.5154639175257731,Voxtral-Small-24B
voxtral,VSC,27,0.6923076923076923,97,0.6181885125184094,0.883306183694337,0.4536082474226804,Voxtral-Small-24B
voxtral,VSC,28,0.717948717948718,97,0.56844548326852,0.817944961032429,0.5051546391752577,Voxtral-Small-24B
voxtral,VSC,29,0.7435897435897436,97,0.7219650746896695,1.0415429968768877,0.6804123711340206,Voxtral-Small-24B
voxtral,VSC,30,0.7692307692307693,97,0.8091468546181358,1.123441527690577,0.7319587628865979,Voxtral-Small-24B
voxtral,VSC,31,0.7948717948717948,97,0.8194035346097202,1.122761679343887,0.7216494845360825,Voxtral-Small-24B
voxtral,VSC,32,0.8205128205128205,97,0.8729778330109533,1.0906379385749527,0.7628865979381443,Voxtral-Small-24B
voxtral,VSC,33,0.8461538461538461,97,0.8782479486640017,1.085760726859781,0.7628865979381443,Voxtral-Small-24B
voxtral,VSC,34,0.8717948717948718,97,0.8790237744582368,1.0792467383985398,0.7628865979381443,Voxtral-Small-24B
voxtral,VSC,35,0.8974358974358975,97,0.8902827499875519,1.0769722782733095,0.7628865979381443,Voxtral-Small-24B
voxtral,VSC,36,0.9230769230769232,97,0.8880670368336333,1.0684822067567032,0.7628865979381443,Voxtral-Small-24B
voxtral,VSC,37,0.9487179487179488,97,0.9967783505154636,1.0296405557110997,0.865979381443299,Voxtral-Small-24B
voxtral,VSC,38,0.9743589743589745,97,0.9983037029244688,1.019145984425911,0.8556701030927835,Voxtral-Small-24B
voxtral,VSC,39,1.0,97,1.0,1.0,0.8556701030927835,Voxtral-Small-24B
