model,task,selected_layer,relative_depth,residual_patch_displacement,final_branch_displacement
qwen2_audio,AQA,24,0.7741935483870968,6.7890625,9.234375
qwen2_audio,AQA,24,0.7741935483870968,3.7578125,4.609375
qwen2_audio,AQA,24,0.7741935483870968,11.5,16.1953125
qwen2_audio,AQA,24,0.7741935483870968,9.1015625,13.3984375
qwen2_audio,AQA,24,0.7741935483870968,8.8671875,12.9140625
qwen2_audio,AQA,24,0.7741935483870968,8.3984375,10.8203125
qwen2_audio,AQA,24,0.7741935483870968,9.0625,12.53125
qwen2_audio,AQA,24,0.7741935483870968,9.4375,13.234375
qwen2_audio,AQA,24,0.7741935483870968,5.2421875,7.1953125
qwen2_audio,AQA,24,0.7741935483870968,10.7421875,16.5546875
qwen2_audio,AQA,24,0.7741935483870968,6.546875,9.140625
qwen2_audio,AQA,24,0.7741935483870968,7.21875,9.578125
qwen2_audio,AQA,24,0.7741935483870968,9.2421875,12.984375
qwen2_audio,AQA,24,0.7741935483870968,8.46875,12.78125
qwen2_audio,AQA,24,0.7741935483870968,6.6953125,8.3828125
qwen2_audio,AQA,24,0.7741935483870968,6.859375,8.9921875
qwen2_audio,AQA,24,0.7741935483870968,5.21875,6.9921875
qwen2_audio,AQA,24,0.7741935483870968,7.640625,10.3671875
qwen2_audio,AQA,24,0.7741935483870968,6.1328125,8.546875
qwen2_audio,AQA,24,0.7741935483870968,7.6171875,9.890625
qwen2_audio,AQA,24,0.7741935483870968,7.265625,9.640625
qwen2_audio,AQA,24,0.7741935483870968,6.8515625,9.2890625
qwen2_audio,AQA,24,0.7741935483870968,5.171875,6.984375
qwen2_audio,AQA,24,0.7741935483870968,5.5390625,7.53125
qwen2_audio,AQA,24,0.7741935483870968,5.9453125,8.375
qwen2_audio,AQA,24,0.7741935483870968,5.28125,7.4765625
qwen2_audio,AQA,24,0.7741935483870968,6.578125,8.75
qwen2_audio,AQA,24,0.7741935483870968,9.5546875,13.453125
qwen2_audio,AQA,24,0.7741935483870968,5.640625,7.6328125
qwen2_audio,AQA,24,0.7741935483870968,5.0234375,6.9453125
qwen2_audio,AQA,24,0.7741935483870968,4.5703125,6.375
qwen2_audio,AQA,24,0.7741935483870968,9.3515625,13.3125
qwen2_audio,AQA,24,0.7741935483870968,4.6328125,7.1328125
qwen2_audio,AQA,24,0.7741935483870968,4.7890625,7.09375
qwen2_audio,AQA,24,0.7741935483870968,9.7890625,13.921875
qwen2_audio,AQA,24,0.7741935483870968,6.265625,7.921875
qwen2_audio,AQA,24,0.7741935483870968,4.2265625,5.953125
qwen2_audio,AQA,24,0.7741935483870968,3.8984375,5.0
qwen2_audio,AQA,24,0.7741935483870968,10.9765625,15.6875
qwen2_audio,AQA,24,0.7741935483870968,5.921875,7.921875
qwen2_audio,AQA,24,0.7741935483870968,5.0546875,7.015625
qwen2_audio,AQA,24,0.7741935483870968,9.296875,13.3359375
qwen2_audio,AQA,24,0.7741935483870968,5.0,7.359375
qwen2_audio,AQA,24,0.7741935483870968,10.578125,15.296875
qwen2_audio,AQA,24,0.7741935483870968,8.5390625,11.8984375
qwen2_audio,AQA,24,0.7741935483870968,10.109375,14.1328125
qwen2_audio,AQA,24,0.7741935483870968,7.6171875,10.3046875
qwen2_audio,AQA,24,0.7741935483870968,7.6875,9.765625
qwen2_audio,AQA,24,0.7741935483870968,12.03125,16.953125
qwen2_audio,AQA,24,0.7741935483870968,4.1484375,5.09375
qwen2_audio,AQA,24,0.7741935483870968,3.2265625,4.5
qwen2_audio,AQA,24,0.7741935483870968,8.734375,11.5859375
qwen2_audio,AQA,24,0.7741935483870968,10.484375,15.640625
qwen2_audio,AQA,24,0.7741935483870968,5.15625,7.015625
qwen2_audio,AQA,24,0.7741935483870968,7.71875,11.484375
qwen2_audio,AQA,24,0.7741935483870968,6.2421875,9.515625
qwen2_audio,AQA,24,0.7741935483870968,5.0234375,7.1953125
qwen2_audio,AQA,24,0.7741935483870968,9.7421875,13.96875
qwen2_audio,AQA,24,0.7741935483870968,5.71875,7.5703125
qwen2_audio,AQA,24,0.7741935483870968,10.609375,14.9375
qwen2_audio,AQA,24,0.7741935483870968,7.8515625,10.3515625
qwen2_audio,AQA,24,0.7741935483870968,7.46875,9.625
qwen2_audio,AQA,24,0.7741935483870968,6.1796875,8.421875
qwen2_audio,AQA,24,0.7741935483870968,7.140625,10.78125
qwen2_audio,AQA,24,0.7741935483870968,9.4921875,13.578125
qwen2_audio,AQA,24,0.7741935483870968,4.78125,7.0078125
qwen2_audio,AQA,24,0.7741935483870968,7.2109375,10.375
qwen2_audio,AQA,24,0.7741935483870968,7.640625,10.140625
qwen2_audio,AQA,24,0.7741935483870968,7.6484375,9.859375
qwen2_audio,AQA,24,0.7741935483870968,3.890625,5.2265625
qwen2_audio,AQA,24,0.7741935483870968,4.078125,5.21875
qwen2_audio,AQA,24,0.7741935483870968,9.5703125,13.6875
qwen2_audio,AQA,24,0.7741935483870968,8.640625,11.390625
qwen2_audio,AQA,24,0.7741935483870968,10.9375,15.4375
qwen2_audio,AQA,24,0.7741935483870968,11.484375,16.28125
qwen2_audio,AQA,24,0.7741935483870968,10.828125,14.921875
qwen2_audio,AQA,24,0.7741935483870968,6.484375,9.3671875
qwen2_audio,AQA,24,0.7741935483870968,3.71875,5.03125
qwen2_audio,AQA,24,0.7741935483870968,6.9765625,9.0546875
qwen2_audio,AQA,24,0.7741935483870968,6.9453125,9.1328125
qwen2_audio,AQA,24,0.7741935483870968,7.0390625,9.1484375
qwen2_audio,AQA,24,0.7741935483870968,10.0390625,14.34375
qwen2_audio,AQA,24,0.7741935483870968,5.203125,7.0859375
qwen2_audio,AQA,24,0.7741935483870968,10.296875,15.1640625
qwen2_audio,AQA,24,0.7741935483870968,3.171875,4.5390625
qwen2_audio,AQA,24,0.7741935483870968,10.0390625,14.3671875
qwen2_audio,AQA,24,0.7741935483870968,10.828125,16.671875
qwen2_audio,AQA,24,0.7741935483870968,12.421875,18.4296875
qwen2_audio,AQA,24,0.7741935483870968,10.5234375,14.890625
qwen2_audio,AQA,24,0.7741935483870968,7.8046875,10.640625
qwen2_audio,AQA,24,0.7741935483870968,8.578125,13.03125
qwen2_audio,AQA,24,0.7741935483870968,8.2890625,11.171875
qwen2_audio,AQA,24,0.7741935483870968,9.3671875,13.125
qwen2_audio,AQA,24,0.7741935483870968,7.734375,10.546875
qwen2_audio,AQA,24,0.7741935483870968,7.34375,9.3046875
qwen2_audio,AQA,24,0.7741935483870968,7.8671875,9.8125
qwen2_audio,AQA,24,0.7741935483870968,9.03125,12.8984375
qwen2_audio,AQA,24,0.7741935483870968,8.828125,12.0546875
qwen2_audio,AQA,24,0.7741935483870968,10.7109375,14.7265625
qwen2_audio,AQA,24,0.7741935483870968,9.15625,13.6015625
qwen2_audio,AQA,24,0.7741935483870968,10.1484375,15.1640625
qwen2_audio,AQA,24,0.7741935483870968,9.84375,13.9765625
qwen2_audio,AQA,24,0.7741935483870968,8.0546875,11.5625
qwen2_audio,AQA,24,0.7741935483870968,8.71875,13.953125
qwen2_audio,AQA,24,0.7741935483870968,6.7109375,9.1328125
qwen2_audio,AQA,24,0.7741935483870968,11.4296875,16.40625
qwen2_audio,AQA,24,0.7741935483870968,3.515625,4.859375
qwen2_audio,AQA,24,0.7741935483870968,9.4921875,14.0859375
qwen2_audio,AQA,24,0.7741935483870968,8.90625,12.6015625
qwen2_audio,AQA,24,0.7741935483870968,8.5546875,11.71875
qwen2_audio,AQA,24,0.7741935483870968,7.625,10.5859375
qwen2_audio,AQA,24,0.7741935483870968,9.140625,13.0625
qwen2_audio,AQA,24,0.7741935483870968,3.6875,5.3046875
qwen2_audio,AQA,24,0.7741935483870968,7.3125,10.3984375
qwen2_audio,AQA,24,0.7741935483870968,10.734375,14.265625
qwen2_audio,AQA,24,0.7741935483870968,5.5703125,7.8671875
qwen2_audio,AQA,24,0.7741935483870968,3.90625,5.234375
qwen2_audio,AQA,24,0.7741935483870968,8.5859375,12.203125
qwen2_audio,AQA,24,0.7741935483870968,7.84375,11.1484375
qwen2_audio,AQA,24,0.7741935483870968,8.9453125,12.921875
qwen2_audio,AQA,24,0.7741935483870968,9.1796875,13.046875
qwen2_audio,AQA,24,0.7741935483870968,8.59375,12.6875
qwen2_audio,AQA,24,0.7741935483870968,7.4609375,10.0390625
qwen2_audio,AQA,24,0.7741935483870968,6.921875,10.03125
qwen2_audio,AQA,24,0.7741935483870968,5.4921875,6.8984375
qwen2_audio,AQA,24,0.7741935483870968,6.0625,8.1171875
qwen2_audio,AQA,24,0.7741935483870968,11.6171875,16.5859375
qwen2_audio,AQA,24,0.7741935483870968,5.234375,6.6171875
qwen2_audio,AQA,24,0.7741935483870968,5.4296875,7.5
qwen2_audio,AQA,24,0.7741935483870968,10.125,13.8828125
qwen2_audio,AQA,24,0.7741935483870968,11.3828125,15.5390625
qwen2_audio,AQA,24,0.7741935483870968,7.2578125,9.234375
qwen2_audio,AQA,24,0.7741935483870968,5.9375,8.3515625
qwen2_audio,AQA,24,0.7741935483870968,9.9765625,13.984375
qwen2_audio,AQA,24,0.7741935483870968,10.390625,15.015625
qwen2_audio,AQA,24,0.7741935483870968,7.4921875,10.3828125
qwen2_audio,AQA,24,0.7741935483870968,6.6640625,9.828125
qwen2_audio,AQA,24,0.7741935483870968,11.890625,16.1484375
qwen2_audio,AQA,24,0.7741935483870968,8.3125,11.7109375
qwen2_audio,AQA,24,0.7741935483870968,6.953125,10.046875
qwen2_audio,AQA,24,0.7741935483870968,8.140625,11.2265625
qwen2_audio,AQA,24,0.7741935483870968,10.2109375,14.921875
qwen2_audio,AQA,24,0.7741935483870968,3.71875,5.59375
qwen2_audio,AQA,24,0.7741935483870968,5.5234375,7.3515625
qwen2_audio,AQA,24,0.7741935483870968,7.71875,10.71875
qwen2_audio,AQA,24,0.7741935483870968,10.08984375,14.89453125
qwen2_audio,AQA,24,0.7741935483870968,7.7734375,10.2109375
qwen2_audio,AQA,24,0.7741935483870968,8.6796875,10.9453125
qwen2_audio,AQA,24,0.7741935483870968,7.9921875,10.6328125
qwen2_audio,AQA,24,0.7741935483870968,4.4609375,5.4453125
qwen2_audio,AQA,24,0.7741935483870968,11.1875,16.7734375
qwen2_audio,AQA,24,0.7741935483870968,7.34375,10.0859375
qwen2_audio,AQA,24,0.7741935483870968,6.1171875,8.078125
qwen2_audio,AQA,24,0.7741935483870968,9.078125,12.234375
qwen2_audio,AQA,24,0.7741935483870968,7.140625,10.5546875
qwen2_audio,AQA,24,0.7741935483870968,11.609375,17.09375
qwen2_audio,AQA,24,0.7741935483870968,6.265625,8.4375
qwen2_audio,AQA,24,0.7741935483870968,8.4609375,12.1328125
qwen2_audio,AQA,24,0.7741935483870968,10.4375,14.671875
qwen2_audio,AQA,24,0.7741935483870968,4.7265625,5.9921875
qwen2_audio,AQA,24,0.7741935483870968,5.890625,8.0
qwen2_audio,AQA,24,0.7741935483870968,3.671875,5.4375
qwen2_audio,AQA,24,0.7741935483870968,9.21875,12.03125
qwen2_audio,AQA,24,0.7741935483870968,10.4140625,15.9453125
qwen2_audio,AQA,24,0.7741935483870968,6.65625,8.8203125
qwen2_audio,AQA,24,0.7741935483870968,7.5625,10.8359375
qwen2_audio,AQA,24,0.7741935483870968,9.984375,14.328125
qwen2_audio,AQA,24,0.7741935483870968,6.1328125,8.359375
qwen2_audio,AQA,24,0.7741935483870968,2.421875,3.4921875
qwen2_audio,AQA,24,0.7741935483870968,5.375,7.0859375
qwen2_audio,AQA,24,0.7741935483870968,7.765625,11.2890625
qwen2_audio,AQA,24,0.7741935483870968,5.0078125,6.953125
